0 verbose cli C:\Program Files\nodejs\node.exe C:\Users\dev-tra\AppData\Roaming\npm\node_modules\npm\bin\npm-cli.js
1 info using npm@11.4.0
2 info using node@v22.14.0
3 silly config load:file:C:\Users\dev-tra\AppData\Roaming\npm\node_modules\npm\npmrc
4 silly config load:file:C:\CODE PROJECT\Tool Make\tool-gsuite-edu\Client\.npmrc
5 silly config load:file:C:\Users\dev-tra\.npmrc
6 silly config load:file:C:\Users\dev-tra\AppData\Roaming\npm\etc\npmrc
7 verbose title npm install
8 verbose argv "install"
9 verbose logfile logs-max:10 dir:C:\CODE PROJECT\Tool Make\tool-gsuite-edu\Client\.npm-cache\_logs\2025-10-29T10_27_24_497Z-
10 verbose logfile C:\CODE PROJECT\Tool Make\tool-gsuite-edu\Client\.npm-cache\_logs\2025-10-29T10_27_24_497Z-debug-0.log
11 silly logfile start cleaning logs, removing 1 files
12 silly packumentCache heap:4345298944 maxSize:1086324736 maxEntrySize:543162368
13 silly logfile done cleaning log files
14 silly idealTree buildDeps
15 silly fetch manifest @ant-design/icons@^6.1.0
16 silly packumentCache full:https://registry.npmjs.org/@ant-design%2ficons cache-miss
17 http cache https://registry.npmjs.org/@ant-design%2ficons 14ms (cache hit)
18 silly packumentCache full:https://registry.npmjs.org/@ant-design%2ficons set size:655861 disposed:false
19 silly fetch manifest react@19.1.0
20 silly packumentCache full:https://registry.npmjs.org/react cache-miss
21 http cache https://registry.npmjs.org/react 16ms (cache hit)
22 silly packumentCache full:https://registry.npmjs.org/react set size:6204863 disposed:false
23 silly fetch manifest react-dom@19.1.0
24 silly packumentCache full:https://registry.npmjs.org/react-dom cache-miss
25 http cache https://registry.npmjs.org/react-dom 22ms (cache hit)
26 silly packumentCache full:https://registry.npmjs.org/react-dom set size:8104668 disposed:false
27 silly fetch manifest antd@^5.27.4
28 silly packumentCache full:https://registry.npmjs.org/antd cache-miss
29 http cache https://registry.npmjs.org/antd 22ms (cache hit)
30 silly packumentCache full:https://registry.npmjs.org/antd set size:7942149 disposed:false
31 silly fetch manifest lucide-react@^0.545.0
32 silly packumentCache full:https://registry.npmjs.org/lucide-react cache-miss
33 http cache https://registry.npmjs.org/lucide-react 14ms (cache hit)
34 silly packumentCache full:https://registry.npmjs.org/lucide-react set size:2097342 disposed:false
35 silly fetch manifest next@15.5.4
36 silly packumentCache full:https://registry.npmjs.org/next cache-miss
37 http cache https://registry.npmjs.org/next 60ms (cache hit)
38 silly packumentCache full:https://registry.npmjs.org/next set size:27234865 disposed:false
39 silly fetch manifest @opentelemetry/api@^1.1.0
40 silly packumentCache full:https://registry.npmjs.org/@opentelemetry%2fapi cache-miss
41 http cache https://registry.npmjs.org/@opentelemetry%2fapi 65ms (cache hit)
42 silly packumentCache full:https://registry.npmjs.org/@opentelemetry%2fapi set size:455567 disposed:false
43 silly fetch manifest @playwright/test@^1.51.1
44 silly packumentCache full:https://registry.npmjs.org/@playwright%2ftest cache-miss
45 http cache https://registry.npmjs.org/@playwright%2ftest 22ms (cache hit)
46 silly packumentCache full:https://registry.npmjs.org/@playwright%2ftest set size:8404056 disposed:false
47 silly fetch manifest babel-plugin-react-compiler@*
48 silly packumentCache full:https://registry.npmjs.org/babel-plugin-react-compiler cache-miss
49 http cache https://registry.npmjs.org/babel-plugin-react-compiler 7ms (cache hit)
50 silly packumentCache full:https://registry.npmjs.org/babel-plugin-react-compiler set size:1078511 disposed:false
51 silly fetch manifest sass@^1.3.0
52 silly packumentCache full:https://registry.npmjs.org/sass cache-miss
53 http cache https://registry.npmjs.org/sass 8ms (cache hit)
54 silly packumentCache full:https://registry.npmjs.org/sass set size:697197 disposed:false
55 silly placeDep ROOT @ant-design/icons@6.1.0 REPLACE for: client@0.1.0 want: ^6.1.0
56 silly placeDep ROOT antd@5.27.6 REPLACE for: client@0.1.0 want: ^5.27.4
57 silly placeDep ROOT lucide-react@0.545.0 REPLACE for: client@0.1.0 want: ^0.545.0
58 silly placeDep ROOT next@15.5.4 REPLACE for: client@0.1.0 want: 15.5.4
59 silly fetch manifest @ant-design/icons-svg@^4.4.0
60 silly packumentCache full:https://registry.npmjs.org/@ant-design%2ficons-svg cache-miss
61 silly fetch manifest @ant-design/icons@^5.6.1
62 silly packumentCache full:https://registry.npmjs.org/@ant-design%2ficons cache-hit
63 silly fetch manifest @next/swc-darwin-x64@15.5.4
64 silly packumentCache full:https://registry.npmjs.org/@next%2fswc-darwin-x64 cache-miss
65 silly fetch manifest @next/swc-darwin-arm64@15.5.4
66 silly packumentCache full:https://registry.npmjs.org/@next%2fswc-darwin-arm64 cache-miss
67 silly fetch manifest @next/swc-linux-x64-gnu@15.5.4
68 silly packumentCache full:https://registry.npmjs.org/@next%2fswc-linux-x64-gnu cache-miss
69 silly fetch manifest @next/swc-linux-x64-musl@15.5.4
70 silly packumentCache full:https://registry.npmjs.org/@next%2fswc-linux-x64-musl cache-miss
71 silly fetch manifest @next/swc-linux-arm64-gnu@15.5.4
72 silly packumentCache full:https://registry.npmjs.org/@next%2fswc-linux-arm64-gnu cache-miss
73 silly fetch manifest @next/swc-linux-arm64-musl@15.5.4
74 silly packumentCache full:https://registry.npmjs.org/@next%2fswc-linux-arm64-musl cache-miss
75 silly fetch manifest @next/swc-win32-arm64-msvc@15.5.4
76 silly packumentCache full:https://registry.npmjs.org/@next%2fswc-win32-arm64-msvc cache-miss
77 http cache https://registry.npmjs.org/@ant-design%2ficons-svg 15ms (cache hit)
78 silly packumentCache full:https://registry.npmjs.org/@ant-design%2ficons-svg set size:68040 disposed:false
79 http cache https://registry.npmjs.org/@next%2fswc-darwin-arm64 22ms (cache hit)
80 silly packumentCache full:https://registry.npmjs.org/@next%2fswc-darwin-arm64 set size:4640332 disposed:false
81 http cache https://registry.npmjs.org/@next%2fswc-darwin-x64 49ms (cache hit)
82 silly packumentCache full:https://registry.npmjs.org/@next%2fswc-darwin-x64 set size:4589495 disposed:false
83 http cache https://registry.npmjs.org/@next%2fswc-linux-x64-musl 81ms (cache hit)
84 silly packumentCache full:https://registry.npmjs.org/@next%2fswc-linux-x64-musl set size:4438380 disposed:false
85 http cache https://registry.npmjs.org/@next%2fswc-linux-x64-gnu 110ms (cache hit)
86 silly packumentCache full:https://registry.npmjs.org/@next%2fswc-linux-x64-gnu set size:4681384 disposed:false
87 http cache https://registry.npmjs.org/@next%2fswc-linux-arm64-musl 132ms (cache hit)
88 silly packumentCache full:https://registry.npmjs.org/@next%2fswc-linux-arm64-musl set size:4497126 disposed:false
89 http cache https://registry.npmjs.org/@next%2fswc-win32-arm64-msvc 166ms (cache hit)
90 silly packumentCache full:https://registry.npmjs.org/@next%2fswc-win32-arm64-msvc set size:4466393 disposed:false
91 http cache https://registry.npmjs.org/@next%2fswc-linux-arm64-gnu 192ms (cache hit)
92 silly packumentCache full:https://registry.npmjs.org/@next%2fswc-linux-arm64-gnu set size:4481770 disposed:false
93 silly placeDep ROOT @ant-design/icons-svg@4.4.2 OK for: @ant-design/icons@6.1.0 want: ^4.4.0
94 silly fetch manifest @tailwindcss/oxide-darwin-arm64@4.1.16
95 silly packumentCache full:https://registry.npmjs.org/@tailwindcss%2foxide-darwin-arm64 cache-miss
96 http cache https://registry.npmjs.org/@tailwindcss%2foxide-darwin-arm64 13ms (cache hit)
97 silly packumentCache full:https://registry.npmjs.org/@tailwindcss%2foxide-darwin-arm64 set size:2326223 disposed:false
98 silly fetch manifest @tailwindcss/oxide-darwin-x64@4.1.16
99 silly packumentCache full:https://registry.npmjs.org/@tailwindcss%2foxide-darwin-x64 cache-miss
100 http cache https://registry.npmjs.org/@tailwindcss%2foxide-darwin-x64 14ms (cache hit)
101 silly packumentCache full:https://registry.npmjs.org/@tailwindcss%2foxide-darwin-x64 set size:2298968 disposed:false
102 silly fetch manifest @tailwindcss/oxide-freebsd-x64@4.1.16
103 silly packumentCache full:https://registry.npmjs.org/@tailwindcss%2foxide-freebsd-x64 cache-miss
104 http cache https://registry.npmjs.org/@tailwindcss%2foxide-freebsd-x64 8ms (cache hit)
105 silly packumentCache full:https://registry.npmjs.org/@tailwindcss%2foxide-freebsd-x64 set size:2310194 disposed:false
106 silly fetch manifest @tailwindcss/oxide-linux-arm-gnueabihf@4.1.16
107 silly packumentCache full:https://registry.npmjs.org/@tailwindcss%2foxide-linux-arm-gnueabihf cache-miss
108 http cache https://registry.npmjs.org/@tailwindcss%2foxide-linux-arm-gnueabihf 18ms (cache hit)
109 silly packumentCache full:https://registry.npmjs.org/@tailwindcss%2foxide-linux-arm-gnueabihf set size:2385926 disposed:false
110 silly fetch manifest @tailwindcss/oxide-linux-arm64-gnu@4.1.16
111 silly packumentCache full:https://registry.npmjs.org/@tailwindcss%2foxide-linux-arm64-gnu cache-miss
112 http cache https://registry.npmjs.org/@tailwindcss%2foxide-linux-arm64-gnu 8ms (cache hit)
113 silly packumentCache full:https://registry.npmjs.org/@tailwindcss%2foxide-linux-arm64-gnu set size:2366534 disposed:false
114 silly fetch manifest @tailwindcss/oxide-linux-arm64-musl@4.1.16
115 silly packumentCache full:https://registry.npmjs.org/@tailwindcss%2foxide-linux-arm64-musl cache-miss
116 http cache https://registry.npmjs.org/@tailwindcss%2foxide-linux-arm64-musl 10ms (cache hit)
117 silly packumentCache full:https://registry.npmjs.org/@tailwindcss%2foxide-linux-arm64-musl set size:2375234 disposed:false
118 silly fetch manifest @tailwindcss/oxide-android-arm64@4.1.16
119 silly packumentCache full:https://registry.npmjs.org/@tailwindcss%2foxide-android-arm64 cache-miss
120 http cache https://registry.npmjs.org/@tailwindcss%2foxide-android-arm64 8ms (cache hit)
121 silly packumentCache full:https://registry.npmjs.org/@tailwindcss%2foxide-android-arm64 set size:1463865 disposed:false
122 silly fetch manifest @tailwindcss/oxide-linux-x64-musl@4.1.16
123 silly packumentCache full:https://registry.npmjs.org/@tailwindcss%2foxide-linux-x64-musl cache-miss
124 http cache https://registry.npmjs.org/@tailwindcss%2foxide-linux-x64-musl 8ms (cache hit)
125 silly packumentCache full:https://registry.npmjs.org/@tailwindcss%2foxide-linux-x64-musl set size:2354610 disposed:false
126 silly fetch manifest @tailwindcss/oxide-win32-arm64-msvc@4.1.16
127 silly packumentCache full:https://registry.npmjs.org/@tailwindcss%2foxide-win32-arm64-msvc cache-miss
128 http cache https://registry.npmjs.org/@tailwindcss%2foxide-win32-arm64-msvc 8ms (cache hit)
129 silly packumentCache full:https://registry.npmjs.org/@tailwindcss%2foxide-win32-arm64-msvc set size:1437749 disposed:false
130 silly fetch manifest @tailwindcss/oxide-linux-x64-gnu@4.1.16
131 silly packumentCache full:https://registry.npmjs.org/@tailwindcss%2foxide-linux-x64-gnu cache-miss
132 http cache https://registry.npmjs.org/@tailwindcss%2foxide-linux-x64-gnu 11ms (cache hit)
133 silly packumentCache full:https://registry.npmjs.org/@tailwindcss%2foxide-linux-x64-gnu set size:2345807 disposed:false
134 silly fetch manifest @tailwindcss/oxide-wasm32-wasi@4.1.16
135 silly packumentCache full:https://registry.npmjs.org/@tailwindcss%2foxide-wasm32-wasi cache-miss
136 http cache https://registry.npmjs.org/@tailwindcss%2foxide-wasm32-wasi 5ms (cache hit)
137 silly packumentCache full:https://registry.npmjs.org/@tailwindcss%2foxide-wasm32-wasi set size:818636 disposed:false
138 silly placeDep node_modules/@tailwindcss/oxide @tailwindcss/oxide-android-arm64@4.1.16 OK for: @tailwindcss/oxide@4.1.16 want: 4.1.16
139 silly placeDep node_modules/@tailwindcss/oxide @tailwindcss/oxide-darwin-arm64@4.1.16 OK for: @tailwindcss/oxide@4.1.16 want: 4.1.16
140 silly placeDep node_modules/@tailwindcss/oxide @tailwindcss/oxide-darwin-x64@4.1.16 OK for: @tailwindcss/oxide@4.1.16 want: 4.1.16
141 silly placeDep node_modules/@tailwindcss/oxide @tailwindcss/oxide-freebsd-x64@4.1.16 OK for: @tailwindcss/oxide@4.1.16 want: 4.1.16
142 silly placeDep node_modules/@tailwindcss/oxide @tailwindcss/oxide-linux-arm-gnueabihf@4.1.16 OK for: @tailwindcss/oxide@4.1.16 want: 4.1.16
143 silly placeDep node_modules/@tailwindcss/oxide @tailwindcss/oxide-linux-arm64-gnu@4.1.16 OK for: @tailwindcss/oxide@4.1.16 want: 4.1.16
144 silly placeDep node_modules/@tailwindcss/oxide @tailwindcss/oxide-linux-arm64-musl@4.1.16 OK for: @tailwindcss/oxide@4.1.16 want: 4.1.16
145 silly placeDep node_modules/@tailwindcss/oxide @tailwindcss/oxide-linux-x64-gnu@4.1.16 OK for: @tailwindcss/oxide@4.1.16 want: 4.1.16
146 silly placeDep node_modules/@tailwindcss/oxide @tailwindcss/oxide-linux-x64-musl@4.1.16 OK for: @tailwindcss/oxide@4.1.16 want: 4.1.16
147 silly placeDep node_modules/@tailwindcss/oxide @tailwindcss/oxide-wasm32-wasi@4.1.16 OK for: @tailwindcss/oxide@4.1.16 want: 4.1.16
148 silly placeDep node_modules/@tailwindcss/oxide @tailwindcss/oxide-win32-arm64-msvc@4.1.16 OK for: @tailwindcss/oxide@4.1.16 want: 4.1.16
149 silly fetch manifest react@>=16.9.0
150 silly packumentCache full:https://registry.npmjs.org/react cache-miss
151 http cache https://registry.npmjs.org/react 16ms (cache hit)
152 silly packumentCache full:https://registry.npmjs.org/react set size:6204863 disposed:false
153 silly fetch manifest react-dom@>=16.9.0
154 silly packumentCache full:https://registry.npmjs.org/react-dom cache-miss
155 http cache https://registry.npmjs.org/react-dom 21ms (cache hit)
156 silly packumentCache full:https://registry.npmjs.org/react-dom set size:8104668 disposed:false
157 silly placeDep node_modules/antd @ant-design/icons@5.6.1 OK for: antd@5.27.6 want: ^5.6.1
158 silly fetch manifest es-abstract@^1.24.0
159 silly packumentCache full:https://registry.npmjs.org/es-abstract cache-miss
160 http cache https://registry.npmjs.org/es-abstract 7ms (cache hit)
161 silly packumentCache full:https://registry.npmjs.org/es-abstract set size:373045 disposed:false
162 silly placeDep node_modules/array-includes es-abstract@1.24.0 OK for: array-includes@3.1.9 want: ^1.24.0
163 silly fetch manifest es-abstract@^1.23.2
164 silly packumentCache full:https://registry.npmjs.org/es-abstract cache-hit
165 silly placeDep node_modules/array.prototype.findlast es-abstract@1.24.0 OK for: array.prototype.findlast@1.2.5 want: ^1.23.2
166 silly fetch manifest es-abstract@^1.23.9
167 silly packumentCache full:https://registry.npmjs.org/es-abstract cache-hit
168 silly placeDep node_modules/array.prototype.findlastindex es-abstract@1.24.0 OK for: array.prototype.findlastindex@1.2.6 want: ^1.23.9
169 silly fetch manifest es-abstract@^1.23.5
170 silly packumentCache full:https://registry.npmjs.org/es-abstract cache-hit
171 silly placeDep node_modules/array.prototype.flat es-abstract@1.24.0 OK for: array.prototype.flat@1.3.3 want: ^1.23.5
172 silly placeDep node_modules/array.prototype.flatmap es-abstract@1.24.0 OK for: array.prototype.flatmap@1.3.3 want: ^1.23.5
173 silly fetch manifest es-abstract@^1.23.3
174 silly packumentCache full:https://registry.npmjs.org/es-abstract cache-hit
175 silly placeDep node_modules/array.prototype.tosorted es-abstract@1.24.0 OK for: array.prototype.tosorted@1.1.4 want: ^1.23.3
176 silly fetch manifest es-abstract@^1.23.6
177 silly packumentCache full:https://registry.npmjs.org/es-abstract cache-hit
178 silly placeDep node_modules/es-iterator-helpers es-abstract@1.24.0 OK for: es-iterator-helpers@1.2.1 want: ^1.23.6
179 silly fetch manifest lightningcss-darwin-x64@1.30.2
180 silly packumentCache full:https://registry.npmjs.org/lightningcss-darwin-x64 cache-miss
181 http cache https://registry.npmjs.org/lightningcss-darwin-x64 4ms (cache hit)
182 silly packumentCache full:https://registry.npmjs.org/lightningcss-darwin-x64 set size:73656 disposed:false
183 silly fetch manifest lightningcss-linux-x64-gnu@1.30.2
184 silly packumentCache full:https://registry.npmjs.org/lightningcss-linux-x64-gnu cache-miss
185 http cache https://registry.npmjs.org/lightningcss-linux-x64-gnu 4ms (cache hit)
186 silly packumentCache full:https://registry.npmjs.org/lightningcss-linux-x64-gnu set size:74961 disposed:false
187 silly fetch manifest lightningcss-win32-arm64-msvc@1.30.2
188 silly packumentCache full:https://registry.npmjs.org/lightningcss-win32-arm64-msvc cache-miss
189 http cache https://registry.npmjs.org/lightningcss-win32-arm64-msvc 5ms (cache hit)
190 silly packumentCache full:https://registry.npmjs.org/lightningcss-win32-arm64-msvc set size:21483 disposed:false
191 silly fetch manifest lightningcss-darwin-arm64@1.30.2
192 silly packumentCache full:https://registry.npmjs.org/lightningcss-darwin-arm64 cache-miss
193 http cache https://registry.npmjs.org/lightningcss-darwin-arm64 4ms (cache hit)
194 silly packumentCache full:https://registry.npmjs.org/lightningcss-darwin-arm64 set size:74196 disposed:false
195 silly fetch manifest lightningcss-linux-arm64-gnu@1.30.2
196 silly packumentCache full:https://registry.npmjs.org/lightningcss-linux-arm64-gnu cache-miss
197 http cache https://registry.npmjs.org/lightningcss-linux-arm64-gnu 4ms (cache hit)
198 silly packumentCache full:https://registry.npmjs.org/lightningcss-linux-arm64-gnu set size:75490 disposed:false
199 silly fetch manifest lightningcss-linux-arm-gnueabihf@1.30.2
200 silly packumentCache full:https://registry.npmjs.org/lightningcss-linux-arm-gnueabihf cache-miss
201 http cache https://registry.npmjs.org/lightningcss-linux-arm-gnueabihf 4ms (cache hit)
202 silly packumentCache full:https://registry.npmjs.org/lightningcss-linux-arm-gnueabihf set size:75705 disposed:false
203 silly fetch manifest lightningcss-linux-arm64-musl@1.30.2
204 silly packumentCache full:https://registry.npmjs.org/lightningcss-linux-arm64-musl cache-miss
205 http cache https://registry.npmjs.org/lightningcss-linux-arm64-musl 4ms (cache hit)
206 silly packumentCache full:https://registry.npmjs.org/lightningcss-linux-arm64-musl set size:75692 disposed:false
207 silly fetch manifest lightningcss-linux-x64-musl@1.30.2
208 silly packumentCache full:https://registry.npmjs.org/lightningcss-linux-x64-musl cache-miss
209 http cache https://registry.npmjs.org/lightningcss-linux-x64-musl 5ms (cache hit)
210 silly packumentCache full:https://registry.npmjs.org/lightningcss-linux-x64-musl set size:75155 disposed:false
211 silly fetch manifest lightningcss-freebsd-x64@1.30.2
212 silly packumentCache full:https://registry.npmjs.org/lightningcss-freebsd-x64 cache-miss
213 http cache https://registry.npmjs.org/lightningcss-freebsd-x64 5ms (cache hit)
214 silly packumentCache full:https://registry.npmjs.org/lightningcss-freebsd-x64 set size:37817 disposed:false
215 silly fetch manifest lightningcss-android-arm64@1.30.2
216 silly packumentCache full:https://registry.npmjs.org/lightningcss-android-arm64 cache-miss
217 http cache https://registry.npmjs.org/lightningcss-android-arm64 4ms (cache hit)
218 silly packumentCache full:https://registry.npmjs.org/lightningcss-android-arm64 set size:2570 disposed:false
219 silly placeDep node_modules/lightningcss lightningcss-android-arm64@1.30.2 OK for: lightningcss@1.30.2 want: 1.30.2
220 silly placeDep node_modules/lightningcss lightningcss-darwin-arm64@1.30.2 OK for: lightningcss@1.30.2 want: 1.30.2
221 silly placeDep node_modules/lightningcss lightningcss-darwin-x64@1.30.2 OK for: lightningcss@1.30.2 want: 1.30.2
222 silly placeDep node_modules/lightningcss lightningcss-freebsd-x64@1.30.2 OK for: lightningcss@1.30.2 want: 1.30.2
223 silly placeDep node_modules/lightningcss lightningcss-linux-arm-gnueabihf@1.30.2 OK for: lightningcss@1.30.2 want: 1.30.2
224 silly placeDep node_modules/lightningcss lightningcss-linux-arm64-gnu@1.30.2 OK for: lightningcss@1.30.2 want: 1.30.2
225 silly placeDep node_modules/lightningcss lightningcss-linux-arm64-musl@1.30.2 OK for: lightningcss@1.30.2 want: 1.30.2
226 silly placeDep node_modules/lightningcss lightningcss-linux-x64-gnu@1.30.2 OK for: lightningcss@1.30.2 want: 1.30.2
227 silly placeDep node_modules/lightningcss lightningcss-linux-x64-musl@1.30.2 OK for: lightningcss@1.30.2 want: 1.30.2
228 silly placeDep node_modules/lightningcss lightningcss-win32-arm64-msvc@1.30.2 OK for: lightningcss@1.30.2 want: 1.30.2
229 silly placeDep ROOT @next/swc-darwin-arm64@15.5.4 OK for: next@15.5.4 want: 15.5.4
230 silly placeDep ROOT @next/swc-darwin-x64@15.5.4 OK for: next@15.5.4 want: 15.5.4
231 silly placeDep ROOT @next/swc-linux-arm64-gnu@15.5.4 OK for: next@15.5.4 want: 15.5.4
232 silly placeDep ROOT @next/swc-linux-arm64-musl@15.5.4 OK for: next@15.5.4 want: 15.5.4
233 silly placeDep ROOT @next/swc-linux-x64-gnu@15.5.4 OK for: next@15.5.4 want: 15.5.4
234 silly placeDep ROOT @next/swc-linux-x64-musl@15.5.4 OK for: next@15.5.4 want: 15.5.4
235 silly placeDep ROOT @next/swc-win32-arm64-msvc@15.5.4 OK for: next@15.5.4 want: 15.5.4
236 silly placeDep node_modules/object.fromentries es-abstract@1.24.0 OK for: object.fromentries@2.0.8 want: ^1.23.2
237 silly placeDep node_modules/object.groupby es-abstract@1.24.0 OK for: object.groupby@1.0.3 want: ^1.23.2
238 silly fetch manifest es-toolkit@^1.39.3
239 silly packumentCache full:https://registry.npmjs.org/es-toolkit cache-miss
240 http cache https://registry.npmjs.org/es-toolkit 19ms (cache hit)
241 silly packumentCache full:https://registry.npmjs.org/es-toolkit set size:9413428 disposed:false
242 silly placeDep node_modules/recharts es-toolkit@1.41.0 OK for: recharts@3.3.0 want: ^1.39.3
243 silly placeDep node_modules/string.prototype.includes es-abstract@1.24.0 OK for: string.prototype.includes@2.0.1 want: ^1.23.3
244 silly placeDep node_modules/string.prototype.matchall es-abstract@1.24.0 OK for: string.prototype.matchall@4.0.12 want: ^1.23.6
245 silly fetch manifest es-abstract@^1.17.5
246 silly packumentCache full:https://registry.npmjs.org/es-abstract cache-hit
247 silly placeDep node_modules/string.prototype.repeat es-abstract@1.24.0 OK for: string.prototype.repeat@1.0.0 want: ^1.17.5
248 silly fetch manifest @unrs/resolver-binding-win32-arm64-msvc@1.11.1
249 silly packumentCache full:https://registry.npmjs.org/@unrs%2fresolver-binding-win32-arm64-msvc cache-miss
250 http cache https://registry.npmjs.org/@unrs%2fresolver-binding-win32-arm64-msvc 5ms (cache hit)
251 silly packumentCache full:https://registry.npmjs.org/@unrs%2fresolver-binding-win32-arm64-msvc set size:59292 disposed:false
252 silly fetch manifest @unrs/resolver-binding-win32-ia32-msvc@1.11.1
253 silly packumentCache full:https://registry.npmjs.org/@unrs%2fresolver-binding-win32-ia32-msvc cache-miss
254 http cache https://registry.npmjs.org/@unrs%2fresolver-binding-win32-ia32-msvc 4ms (cache hit)
255 silly packumentCache full:https://registry.npmjs.org/@unrs%2fresolver-binding-win32-ia32-msvc set size:59023 disposed:false
256 silly fetch manifest @unrs/resolver-binding-linux-x64-gnu@1.11.1
257 silly packumentCache full:https://registry.npmjs.org/@unrs%2fresolver-binding-linux-x64-gnu cache-miss
258 http cache https://registry.npmjs.org/@unrs%2fresolver-binding-linux-x64-gnu 5ms (cache hit)
259 silly packumentCache full:https://registry.npmjs.org/@unrs%2fresolver-binding-linux-x64-gnu set size:59167 disposed:false
260 silly fetch manifest @unrs/resolver-binding-linux-x64-musl@1.11.1
261 silly packumentCache full:https://registry.npmjs.org/@unrs%2fresolver-binding-linux-x64-musl cache-miss
262 http cache https://registry.npmjs.org/@unrs%2fresolver-binding-linux-x64-musl 4ms (cache hit)
263 silly packumentCache full:https://registry.npmjs.org/@unrs%2fresolver-binding-linux-x64-musl set size:59364 disposed:false
264 silly fetch manifest @unrs/resolver-binding-freebsd-x64@1.11.1
265 silly packumentCache full:https://registry.npmjs.org/@unrs%2fresolver-binding-freebsd-x64 cache-miss
266 http cache https://registry.npmjs.org/@unrs%2fresolver-binding-freebsd-x64 5ms (cache hit)
267 silly packumentCache full:https://registry.npmjs.org/@unrs%2fresolver-binding-freebsd-x64 set size:58172 disposed:false
268 silly fetch manifest @unrs/resolver-binding-android-arm64@1.11.1
269 silly packumentCache full:https://registry.npmjs.org/@unrs%2fresolver-binding-android-arm64 cache-miss
270 http cache https://registry.npmjs.org/@unrs%2fresolver-binding-android-arm64 4ms (cache hit)
271 silly packumentCache full:https://registry.npmjs.org/@unrs%2fresolver-binding-android-arm64 set size:12351 disposed:false
272 silly fetch manifest @unrs/resolver-binding-linux-arm64-gnu@1.11.1
273 silly packumentCache full:https://registry.npmjs.org/@unrs%2fresolver-binding-linux-arm64-gnu cache-miss
274 http cache https://registry.npmjs.org/@unrs%2fresolver-binding-linux-arm64-gnu 5ms (cache hit)
275 silly packumentCache full:https://registry.npmjs.org/@unrs%2fresolver-binding-linux-arm64-gnu set size:59697 disposed:false
276 silly fetch manifest @unrs/resolver-binding-linux-arm64-musl@1.11.1
277 silly packumentCache full:https://registry.npmjs.org/@unrs%2fresolver-binding-linux-arm64-musl cache-miss
278 http cache https://registry.npmjs.org/@unrs%2fresolver-binding-linux-arm64-musl 4ms (cache hit)
279 silly packumentCache full:https://registry.npmjs.org/@unrs%2fresolver-binding-linux-arm64-musl set size:59889 disposed:false
280 silly fetch manifest @unrs/resolver-binding-android-arm-eabi@1.11.1
281 silly packumentCache full:https://registry.npmjs.org/@unrs%2fresolver-binding-android-arm-eabi cache-miss
282 http cache https://registry.npmjs.org/@unrs%2fresolver-binding-android-arm-eabi 3ms (cache hit)
283 silly packumentCache full:https://registry.npmjs.org/@unrs%2fresolver-binding-android-arm-eabi set size:12473 disposed:false
284 silly fetch manifest @unrs/resolver-binding-linux-arm-gnueabihf@1.11.1
285 silly packumentCache full:https://registry.npmjs.org/@unrs%2fresolver-binding-linux-arm-gnueabihf cache-miss
286 http cache https://registry.npmjs.org/@unrs%2fresolver-binding-linux-arm-gnueabihf 4ms (cache hit)
287 silly packumentCache full:https://registry.npmjs.org/@unrs%2fresolver-binding-linux-arm-gnueabihf set size:59902 disposed:false
288 silly fetch manifest @unrs/resolver-binding-linux-arm-musleabihf@1.11.1
289 silly packumentCache full:https://registry.npmjs.org/@unrs%2fresolver-binding-linux-arm-musleabihf cache-miss
290 http cache https://registry.npmjs.org/@unrs%2fresolver-binding-linux-arm-musleabihf 3ms (cache hit)
291 silly packumentCache full:https://registry.npmjs.org/@unrs%2fresolver-binding-linux-arm-musleabihf set size:60135 disposed:false
292 silly fetch manifest @unrs/resolver-binding-linux-ppc64-gnu@1.11.1
293 silly packumentCache full:https://registry.npmjs.org/@unrs%2fresolver-binding-linux-ppc64-gnu cache-miss
294 http cache https://registry.npmjs.org/@unrs%2fresolver-binding-linux-ppc64-gnu 4ms (cache hit)
295 silly packumentCache full:https://registry.npmjs.org/@unrs%2fresolver-binding-linux-ppc64-gnu set size:59704 disposed:false
296 silly fetch manifest @unrs/resolver-binding-linux-riscv64-gnu@1.11.1
297 silly packumentCache full:https://registry.npmjs.org/@unrs%2fresolver-binding-linux-riscv64-gnu cache-miss
298 http cache https://registry.npmjs.org/@unrs%2fresolver-binding-linux-riscv64-gnu 5ms (cache hit)
299 silly packumentCache full:https://registry.npmjs.org/@unrs%2fresolver-binding-linux-riscv64-gnu set size:50987 disposed:false
300 silly fetch manifest @unrs/resolver-binding-linux-riscv64-musl@1.11.1
301 silly packumentCache full:https://registry.npmjs.org/@unrs%2fresolver-binding-linux-riscv64-musl cache-miss
302 http cache https://registry.npmjs.org/@unrs%2fresolver-binding-linux-riscv64-musl 4ms (cache hit)
303 silly packumentCache full:https://registry.npmjs.org/@unrs%2fresolver-binding-linux-riscv64-musl set size:40293 disposed:false
304 silly fetch manifest @unrs/resolver-binding-linux-s390x-gnu@1.11.1
305 silly packumentCache full:https://registry.npmjs.org/@unrs%2fresolver-binding-linux-s390x-gnu cache-miss
306 http cache https://registry.npmjs.org/@unrs%2fresolver-binding-linux-s390x-gnu 4ms (cache hit)
307 silly packumentCache full:https://registry.npmjs.org/@unrs%2fresolver-binding-linux-s390x-gnu set size:59697 disposed:false
308 silly fetch manifest @unrs/resolver-binding-darwin-x64@1.11.1
309 silly packumentCache full:https://registry.npmjs.org/@unrs%2fresolver-binding-darwin-x64 cache-miss
310 http cache https://registry.npmjs.org/@unrs%2fresolver-binding-darwin-x64 5ms (cache hit)
311 silly packumentCache full:https://registry.npmjs.org/@unrs%2fresolver-binding-darwin-x64 set size:57901 disposed:false
312 silly fetch manifest @unrs/resolver-binding-darwin-arm64@1.11.1
313 silly packumentCache full:https://registry.npmjs.org/@unrs%2fresolver-binding-darwin-arm64 cache-miss
314 http cache https://registry.npmjs.org/@unrs%2fresolver-binding-darwin-arm64 4ms (cache hit)
315 silly packumentCache full:https://registry.npmjs.org/@unrs%2fresolver-binding-darwin-arm64 set size:58434 disposed:false
316 silly fetch manifest @unrs/resolver-binding-wasm32-wasi@1.11.1
317 silly packumentCache full:https://registry.npmjs.org/@unrs%2fresolver-binding-wasm32-wasi cache-miss
318 http cache https://registry.npmjs.org/@unrs%2fresolver-binding-wasm32-wasi 4ms (cache hit)
319 silly packumentCache full:https://registry.npmjs.org/@unrs%2fresolver-binding-wasm32-wasi set size:61704 disposed:false
320 silly placeDep node_modules/unrs-resolver @unrs/resolver-binding-android-arm-eabi@1.11.1 OK for: unrs-resolver@1.11.1 want: 1.11.1
321 silly placeDep node_modules/unrs-resolver @unrs/resolver-binding-android-arm64@1.11.1 OK for: unrs-resolver@1.11.1 want: 1.11.1
322 silly placeDep node_modules/unrs-resolver @unrs/resolver-binding-darwin-arm64@1.11.1 OK for: unrs-resolver@1.11.1 want: 1.11.1
323 silly placeDep node_modules/unrs-resolver @unrs/resolver-binding-darwin-x64@1.11.1 OK for: unrs-resolver@1.11.1 want: 1.11.1
324 silly placeDep node_modules/unrs-resolver @unrs/resolver-binding-freebsd-x64@1.11.1 OK for: unrs-resolver@1.11.1 want: 1.11.1
325 silly placeDep node_modules/unrs-resolver @unrs/resolver-binding-linux-arm-gnueabihf@1.11.1 OK for: unrs-resolver@1.11.1 want: 1.11.1
326 silly placeDep node_modules/unrs-resolver @unrs/resolver-binding-linux-arm-musleabihf@1.11.1 OK for: unrs-resolver@1.11.1 want: 1.11.1
327 silly placeDep node_modules/unrs-resolver @unrs/resolver-binding-linux-arm64-gnu@1.11.1 OK for: unrs-resolver@1.11.1 want: 1.11.1
328 silly placeDep node_modules/unrs-resolver @unrs/resolver-binding-linux-arm64-musl@1.11.1 OK for: unrs-resolver@1.11.1 want: 1.11.1
329 silly placeDep node_modules/unrs-resolver @unrs/resolver-binding-linux-ppc64-gnu@1.11.1 OK for: unrs-resolver@1.11.1 want: 1.11.1
330 silly placeDep node_modules/unrs-resolver @unrs/resolver-binding-linux-riscv64-gnu@1.11.1 OK for: unrs-resolver@1.11.1 want: 1.11.1
331 silly placeDep node_modules/unrs-resolver @unrs/resolver-binding-linux-riscv64-musl@1.11.1 OK for: unrs-resolver@1.11.1 want: 1.11.1
332 silly placeDep node_modules/unrs-resolver @unrs/resolver-binding-linux-s390x-gnu@1.11.1 OK for: unrs-resolver@1.11.1 want: 1.11.1
333 silly placeDep node_modules/unrs-resolver @unrs/resolver-binding-linux-x64-gnu@1.11.1 OK for: unrs-resolver@1.11.1 want: 1.11.1
334 silly placeDep node_modules/unrs-resolver @unrs/resolver-binding-linux-x64-musl@1.11.1 OK for: unrs-resolver@1.11.1 want: 1.11.1
335 silly placeDep node_modules/unrs-resolver @unrs/resolver-binding-wasm32-wasi@1.11.1 OK for: unrs-resolver@1.11.1 want: 1.11.1
336 silly placeDep node_modules/unrs-resolver @unrs/resolver-binding-win32-arm64-msvc@1.11.1 OK for: unrs-resolver@1.11.1 want: 1.11.1
337 silly placeDep node_modules/unrs-resolver @unrs/resolver-binding-win32-ia32-msvc@1.11.1 OK for: unrs-resolver@1.11.1 want: 1.11.1
338 silly reify mark retired [
338 silly reify   'C:\\CODE PROJECT\\Tool Make\\tool-gsuite-edu\\Client\\node_modules\\antd'
338 silly reify ]
339 silly reify mark retired [
339 silly reify   'C:\\CODE PROJECT\\Tool Make\\tool-gsuite-edu\\Client\\node_modules\\es-toolkit'
339 silly reify ]
340 silly reify mark retired [
340 silly reify   'C:\\CODE PROJECT\\Tool Make\\tool-gsuite-edu\\Client\\node_modules\\lightningcss-android-arm64'
340 silly reify ]
341 silly reify mark retired [
341 silly reify   'C:\\CODE PROJECT\\Tool Make\\tool-gsuite-edu\\Client\\node_modules\\lightningcss-darwin-arm64'
341 silly reify ]
342 silly reify mark retired [
342 silly reify   'C:\\CODE PROJECT\\Tool Make\\tool-gsuite-edu\\Client\\node_modules\\lightningcss-darwin-x64'
342 silly reify ]
343 silly reify mark retired [
343 silly reify   'C:\\CODE PROJECT\\Tool Make\\tool-gsuite-edu\\Client\\node_modules\\lightningcss-freebsd-x64'
343 silly reify ]
344 silly reify mark retired [
344 silly reify   'C:\\CODE PROJECT\\Tool Make\\tool-gsuite-edu\\Client\\node_modules\\lightningcss-linux-arm-gnueabihf'
344 silly reify ]
345 silly reify mark retired [
345 silly reify   'C:\\CODE PROJECT\\Tool Make\\tool-gsuite-edu\\Client\\node_modules\\lightningcss-linux-arm64-gnu'
345 silly reify ]
346 silly reify mark retired [
346 silly reify   'C:\\CODE PROJECT\\Tool Make\\tool-gsuite-edu\\Client\\node_modules\\lightningcss-linux-arm64-musl'
346 silly reify ]
347 silly reify mark retired [
347 silly reify   'C:\\CODE PROJECT\\Tool Make\\tool-gsuite-edu\\Client\\node_modules\\lightningcss-linux-x64-gnu'
347 silly reify ]
348 silly reify mark retired [
348 silly reify   'C:\\CODE PROJECT\\Tool Make\\tool-gsuite-edu\\Client\\node_modules\\lightningcss-linux-x64-musl'
348 silly reify ]
349 silly reify mark retired [
349 silly reify   'C:\\CODE PROJECT\\Tool Make\\tool-gsuite-edu\\Client\\node_modules\\lightningcss-win32-arm64-msvc'
349 silly reify ]
350 silly reify mark retired [
350 silly reify   'C:\\CODE PROJECT\\Tool Make\\tool-gsuite-edu\\Client\\node_modules\\lucide-react'
350 silly reify ]
351 silly reify mark retired [
351 silly reify   'C:\\CODE PROJECT\\Tool Make\\tool-gsuite-edu\\Client\\node_modules\\next'
351 silly reify ]
352 silly reify mark retired [
352 silly reify   'C:\\CODE PROJECT\\Tool Make\\tool-gsuite-edu\\Client\\node_modules\\@ant-design\\icons'
352 silly reify ]
353 silly reify mark retired [
353 silly reify   'C:\\CODE PROJECT\\Tool Make\\tool-gsuite-edu\\Client\\node_modules\\@ant-design\\icons-svg'
353 silly reify ]
354 silly reify mark retired [
354 silly reify   'C:\\CODE PROJECT\\Tool Make\\tool-gsuite-edu\\Client\\node_modules\\@next\\swc-darwin-arm64'
354 silly reify ]
355 silly reify mark retired [
355 silly reify   'C:\\CODE PROJECT\\Tool Make\\tool-gsuite-edu\\Client\\node_modules\\@next\\swc-darwin-x64'
355 silly reify ]
356 silly reify mark retired [
356 silly reify   'C:\\CODE PROJECT\\Tool Make\\tool-gsuite-edu\\Client\\node_modules\\@next\\swc-linux-arm64-gnu'
356 silly reify ]
357 silly reify mark retired [
357 silly reify   'C:\\CODE PROJECT\\Tool Make\\tool-gsuite-edu\\Client\\node_modules\\@next\\swc-linux-x64-gnu'
357 silly reify ]
358 silly reify mark retired [
358 silly reify   'C:\\CODE PROJECT\\Tool Make\\tool-gsuite-edu\\Client\\node_modules\\@next\\swc-linux-arm64-musl'
358 silly reify ]
359 silly reify mark retired [
359 silly reify   'C:\\CODE PROJECT\\Tool Make\\tool-gsuite-edu\\Client\\node_modules\\@next\\swc-linux-x64-musl'
359 silly reify ]
360 silly reify mark retired [
360 silly reify   'C:\\CODE PROJECT\\Tool Make\\tool-gsuite-edu\\Client\\node_modules\\@next\\swc-win32-arm64-msvc'
360 silly reify ]
361 silly reify mark retired [
361 silly reify   'C:\\CODE PROJECT\\Tool Make\\tool-gsuite-edu\\Client\\node_modules\\@tailwindcss\\oxide-android-arm64'
361 silly reify ]
362 silly reify mark retired [
362 silly reify   'C:\\CODE PROJECT\\Tool Make\\tool-gsuite-edu\\Client\\node_modules\\@tailwindcss\\oxide-darwin-arm64'
362 silly reify ]
363 silly reify mark retired [
363 silly reify   'C:\\CODE PROJECT\\Tool Make\\tool-gsuite-edu\\Client\\node_modules\\@tailwindcss\\oxide-darwin-x64'
363 silly reify ]
364 silly reify mark retired [
364 silly reify   'C:\\CODE PROJECT\\Tool Make\\tool-gsuite-edu\\Client\\node_modules\\@tailwindcss\\oxide-freebsd-x64'
364 silly reify ]
365 silly reify mark retired [
365 silly reify   'C:\\CODE PROJECT\\Tool Make\\tool-gsuite-edu\\Client\\node_modules\\@tailwindcss\\oxide-linux-arm-gnueabihf'
365 silly reify ]
366 silly reify mark retired [
366 silly reify   'C:\\CODE PROJECT\\Tool Make\\tool-gsuite-edu\\Client\\node_modules\\@tailwindcss\\oxide-linux-arm64-gnu'
366 silly reify ]
367 silly reify mark retired [
367 silly reify   'C:\\CODE PROJECT\\Tool Make\\tool-gsuite-edu\\Client\\node_modules\\@tailwindcss\\oxide-linux-arm64-musl'
367 silly reify ]
368 silly reify mark retired [
368 silly reify   'C:\\CODE PROJECT\\Tool Make\\tool-gsuite-edu\\Client\\node_modules\\@tailwindcss\\oxide-linux-x64-gnu'
368 silly reify ]
369 silly reify mark retired [
369 silly reify   'C:\\CODE PROJECT\\Tool Make\\tool-gsuite-edu\\Client\\node_modules\\@tailwindcss\\oxide-linux-x64-musl'
369 silly reify ]
370 silly reify mark retired [
370 silly reify   'C:\\CODE PROJECT\\Tool Make\\tool-gsuite-edu\\Client\\node_modules\\@tailwindcss\\oxide-win32-arm64-msvc'
370 silly reify ]
371 silly reify mark retired [
371 silly reify   'C:\\CODE PROJECT\\Tool Make\\tool-gsuite-edu\\Client\\node_modules\\@tailwindcss\\oxide-wasm32-wasi'
371 silly reify ]
372 silly reify mark retired [
372 silly reify   'C:\\CODE PROJECT\\Tool Make\\tool-gsuite-edu\\Client\\node_modules\\@unrs\\resolver-binding-android-arm-eabi'
372 silly reify ]
373 silly reify mark retired [
373 silly reify   'C:\\CODE PROJECT\\Tool Make\\tool-gsuite-edu\\Client\\node_modules\\@unrs\\resolver-binding-android-arm64'
373 silly reify ]
374 silly reify mark retired [
374 silly reify   'C:\\CODE PROJECT\\Tool Make\\tool-gsuite-edu\\Client\\node_modules\\@unrs\\resolver-binding-darwin-arm64'
374 silly reify ]
375 silly reify mark retired [
375 silly reify   'C:\\CODE PROJECT\\Tool Make\\tool-gsuite-edu\\Client\\node_modules\\@unrs\\resolver-binding-darwin-x64'
375 silly reify ]
376 silly reify mark retired [
376 silly reify   'C:\\CODE PROJECT\\Tool Make\\tool-gsuite-edu\\Client\\node_modules\\@unrs\\resolver-binding-freebsd-x64'
376 silly reify ]
377 silly reify mark retired [
377 silly reify   'C:\\CODE PROJECT\\Tool Make\\tool-gsuite-edu\\Client\\node_modules\\@unrs\\resolver-binding-linux-arm-gnueabihf'
377 silly reify ]
378 silly reify mark retired [
378 silly reify   'C:\\CODE PROJECT\\Tool Make\\tool-gsuite-edu\\Client\\node_modules\\@unrs\\resolver-binding-linux-arm-musleabihf'
378 silly reify ]
379 silly reify mark retired [
379 silly reify   'C:\\CODE PROJECT\\Tool Make\\tool-gsuite-edu\\Client\\node_modules\\@unrs\\resolver-binding-linux-arm64-gnu'
379 silly reify ]
380 silly reify mark retired [
380 silly reify   'C:\\CODE PROJECT\\Tool Make\\tool-gsuite-edu\\Client\\node_modules\\@unrs\\resolver-binding-linux-arm64-musl'
380 silly reify ]
381 silly reify mark retired [
381 silly reify   'C:\\CODE PROJECT\\Tool Make\\tool-gsuite-edu\\Client\\node_modules\\@unrs\\resolver-binding-linux-ppc64-gnu'
381 silly reify ]
382 silly reify mark retired [
382 silly reify   'C:\\CODE PROJECT\\Tool Make\\tool-gsuite-edu\\Client\\node_modules\\@unrs\\resolver-binding-linux-riscv64-gnu'
382 silly reify ]
383 silly reify mark retired [
383 silly reify   'C:\\CODE PROJECT\\Tool Make\\tool-gsuite-edu\\Client\\node_modules\\@unrs\\resolver-binding-linux-riscv64-musl'
383 silly reify ]
384 silly reify mark retired [
384 silly reify   'C:\\CODE PROJECT\\Tool Make\\tool-gsuite-edu\\Client\\node_modules\\@unrs\\resolver-binding-linux-s390x-gnu'
384 silly reify ]
385 silly reify mark retired [
385 silly reify   'C:\\CODE PROJECT\\Tool Make\\tool-gsuite-edu\\Client\\node_modules\\@unrs\\resolver-binding-wasm32-wasi'
385 silly reify ]
386 silly reify mark retired [
386 silly reify   'C:\\CODE PROJECT\\Tool Make\\tool-gsuite-edu\\Client\\node_modules\\@unrs\\resolver-binding-linux-x64-gnu'
386 silly reify ]
387 silly reify mark retired [
387 silly reify   'C:\\CODE PROJECT\\Tool Make\\tool-gsuite-edu\\Client\\node_modules\\@unrs\\resolver-binding-linux-x64-musl'
387 silly reify ]
388 silly reify mark retired [
388 silly reify   'C:\\CODE PROJECT\\Tool Make\\tool-gsuite-edu\\Client\\node_modules\\@unrs\\resolver-binding-win32-arm64-msvc'
388 silly reify ]
389 silly reify mark retired [
389 silly reify   'C:\\CODE PROJECT\\Tool Make\\tool-gsuite-edu\\Client\\node_modules\\@unrs\\resolver-binding-win32-ia32-msvc'
389 silly reify ]
390 silly reify mark retired [
390 silly reify   'C:\\CODE PROJECT\\Tool Make\\tool-gsuite-edu\\Client\\node_modules\\acorn',
390 silly reify   'C:\\CODE PROJECT\\Tool Make\\tool-gsuite-edu\\Client\\node_modules\\.bin\\acorn',
390 silly reify   'C:\\CODE PROJECT\\Tool Make\\tool-gsuite-edu\\Client\\node_modules\\.bin\\acorn.cmd',
390 silly reify   'C:\\CODE PROJECT\\Tool Make\\tool-gsuite-edu\\Client\\node_modules\\.bin\\acorn.ps1'
390 silly reify ]
391 silly reify mark retired [
391 silly reify   'C:\\CODE PROJECT\\Tool Make\\tool-gsuite-edu\\Client\\node_modules\\eslint',
391 silly reify   'C:\\CODE PROJECT\\Tool Make\\tool-gsuite-edu\\Client\\node_modules\\.bin\\eslint',
391 silly reify   'C:\\CODE PROJECT\\Tool Make\\tool-gsuite-edu\\Client\\node_modules\\.bin\\eslint.cmd',
391 silly reify   'C:\\CODE PROJECT\\Tool Make\\tool-gsuite-edu\\Client\\node_modules\\.bin\\eslint.ps1'
391 silly reify ]
392 silly reify mark retired [
392 silly reify   'C:\\CODE PROJECT\\Tool Make\\tool-gsuite-edu\\Client\\node_modules\\eslint-plugin-import\\node_modules\\semver',
392 silly reify   'C:\\CODE PROJECT\\Tool Make\\tool-gsuite-edu\\Client\\node_modules\\eslint-plugin-import\\node_modules\\.bin\\semver',
392 silly reify   'C:\\CODE PROJECT\\Tool Make\\tool-gsuite-edu\\Client\\node_modules\\eslint-plugin-import\\node_modules\\.bin\\semver.cmd',
392 silly reify   'C:\\CODE PROJECT\\Tool Make\\tool-gsuite-edu\\Client\\node_modules\\eslint-plugin-import\\node_modules\\.bin\\semver.ps1'
392 silly reify ]
393 silly reify mark retired [
393 silly reify   'C:\\CODE PROJECT\\Tool Make\\tool-gsuite-edu\\Client\\node_modules\\eslint-plugin-react\\node_modules\\semver',
393 silly reify   'C:\\CODE PROJECT\\Tool Make\\tool-gsuite-edu\\Client\\node_modules\\eslint-plugin-react\\node_modules\\.bin\\semver',
393 silly reify   'C:\\CODE PROJECT\\Tool Make\\tool-gsuite-edu\\Client\\node_modules\\eslint-plugin-react\\node_modules\\.bin\\semver.cmd',
393 silly reify   'C:\\CODE PROJECT\\Tool Make\\tool-gsuite-edu\\Client\\node_modules\\eslint-plugin-react\\node_modules\\.bin\\semver.ps1'
393 silly reify ]
394 silly reify mark retired [
394 silly reify   'C:\\CODE PROJECT\\Tool Make\\tool-gsuite-edu\\Client\\node_modules\\eslint-plugin-react\\node_modules\\resolve',
394 silly reify   'C:\\CODE PROJECT\\Tool Make\\tool-gsuite-edu\\Client\\node_modules\\eslint-plugin-react\\node_modules\\.bin\\resolve',
394 silly reify   'C:\\CODE PROJECT\\Tool Make\\tool-gsuite-edu\\Client\\node_modules\\eslint-plugin-react\\node_modules\\.bin\\resolve.cmd',
394 silly reify   'C:\\CODE PROJECT\\Tool Make\\tool-gsuite-edu\\Client\\node_modules\\eslint-plugin-react\\node_modules\\.bin\\resolve.ps1'
394 silly reify ]
395 silly reify mark retired [
395 silly reify   'C:\\CODE PROJECT\\Tool Make\\tool-gsuite-edu\\Client\\node_modules\\jiti',
395 silly reify   'C:\\CODE PROJECT\\Tool Make\\tool-gsuite-edu\\Client\\node_modules\\.bin\\jiti',
395 silly reify   'C:\\CODE PROJECT\\Tool Make\\tool-gsuite-edu\\Client\\node_modules\\.bin\\jiti.cmd',
395 silly reify   'C:\\CODE PROJECT\\Tool Make\\tool-gsuite-edu\\Client\\node_modules\\.bin\\jiti.ps1'
395 silly reify ]
396 silly reify mark retired [
396 silly reify   'C:\\CODE PROJECT\\Tool Make\\tool-gsuite-edu\\Client\\node_modules\\js-yaml',
396 silly reify   'C:\\CODE PROJECT\\Tool Make\\tool-gsuite-edu\\Client\\node_modules\\.bin\\js-yaml',
396 silly reify   'C:\\CODE PROJECT\\Tool Make\\tool-gsuite-edu\\Client\\node_modules\\.bin\\js-yaml.cmd',
396 silly reify   'C:\\CODE PROJECT\\Tool Make\\tool-gsuite-edu\\Client\\node_modules\\.bin\\js-yaml.ps1'
396 silly reify ]
397 silly reify mark retired [
397 silly reify   'C:\\CODE PROJECT\\Tool Make\\tool-gsuite-edu\\Client\\node_modules\\json5',
397 silly reify   'C:\\CODE PROJECT\\Tool Make\\tool-gsuite-edu\\Client\\node_modules\\.bin\\json5',
397 silly reify   'C:\\CODE PROJECT\\Tool Make\\tool-gsuite-edu\\Client\\node_modules\\.bin\\json5.cmd',
397 silly reify   'C:\\CODE PROJECT\\Tool Make\\tool-gsuite-edu\\Client\\node_modules\\.bin\\json5.ps1'
397 silly reify ]
398 silly reify mark retired [
398 silly reify   'C:\\CODE PROJECT\\Tool Make\\tool-gsuite-edu\\Client\\node_modules\\loose-envify',
398 silly reify   'C:\\CODE PROJECT\\Tool Make\\tool-gsuite-edu\\Client\\node_modules\\.bin\\loose-envify',
398 silly reify   'C:\\CODE PROJECT\\Tool Make\\tool-gsuite-edu\\Client\\node_modules\\.bin\\loose-envify.cmd',
398 silly reify   'C:\\CODE PROJECT\\Tool Make\\tool-gsuite-edu\\Client\\node_modules\\.bin\\loose-envify.ps1'
398 silly reify ]
399 silly reify mark retired [
399 silly reify   'C:\\CODE PROJECT\\Tool Make\\tool-gsuite-edu\\Client\\node_modules\\nanoid',
399 silly reify   'C:\\CODE PROJECT\\Tool Make\\tool-gsuite-edu\\Client\\node_modules\\.bin\\nanoid',
399 silly reify   'C:\\CODE PROJECT\\Tool Make\\tool-gsuite-edu\\Client\\node_modules\\.bin\\nanoid.cmd',
399 silly reify   'C:\\CODE PROJECT\\Tool Make\\tool-gsuite-edu\\Client\\node_modules\\.bin\\nanoid.ps1'
399 silly reify ]
400 silly reify mark retired [
400 silly reify   'C:\\CODE PROJECT\\Tool Make\\tool-gsuite-edu\\Client\\node_modules\\napi-postinstall',
400 silly reify   'C:\\CODE PROJECT\\Tool Make\\tool-gsuite-edu\\Client\\node_modules\\.bin\\napi-postinstall',
400 silly reify   'C:\\CODE PROJECT\\Tool Make\\tool-gsuite-edu\\Client\\node_modules\\.bin\\napi-postinstall.cmd',
400 silly reify   'C:\\CODE PROJECT\\Tool Make\\tool-gsuite-edu\\Client\\node_modules\\.bin\\napi-postinstall.ps1'
400 silly reify ]
401 silly reify mark retired [
401 silly reify   'C:\\CODE PROJECT\\Tool Make\\tool-gsuite-edu\\Client\\node_modules\\resolve',
401 silly reify   'C:\\CODE PROJECT\\Tool Make\\tool-gsuite-edu\\Client\\node_modules\\.bin\\resolve',
401 silly reify   'C:\\CODE PROJECT\\Tool Make\\tool-gsuite-edu\\Client\\node_modules\\.bin\\resolve.cmd',
401 silly reify   'C:\\CODE PROJECT\\Tool Make\\tool-gsuite-edu\\Client\\node_modules\\.bin\\resolve.ps1'
401 silly reify ]
402 silly reify mark retired [
402 silly reify   'C:\\CODE PROJECT\\Tool Make\\tool-gsuite-edu\\Client\\node_modules\\semver',
402 silly reify   'C:\\CODE PROJECT\\Tool Make\\tool-gsuite-edu\\Client\\node_modules\\.bin\\semver',
402 silly reify   'C:\\CODE PROJECT\\Tool Make\\tool-gsuite-edu\\Client\\node_modules\\.bin\\semver.cmd',
402 silly reify   'C:\\CODE PROJECT\\Tool Make\\tool-gsuite-edu\\Client\\node_modules\\.bin\\semver.ps1'
402 silly reify ]
403 silly reify mark retired [
403 silly reify   'C:\\CODE PROJECT\\Tool Make\\tool-gsuite-edu\\Client\\node_modules\\typescript',
403 silly reify   'C:\\CODE PROJECT\\Tool Make\\tool-gsuite-edu\\Client\\node_modules\\.bin\\tsc',
403 silly reify   'C:\\CODE PROJECT\\Tool Make\\tool-gsuite-edu\\Client\\node_modules\\.bin\\tsc.cmd',
403 silly reify   'C:\\CODE PROJECT\\Tool Make\\tool-gsuite-edu\\Client\\node_modules\\.bin\\tsc.ps1',
403 silly reify   'C:\\CODE PROJECT\\Tool Make\\tool-gsuite-edu\\Client\\node_modules\\.bin\\tsserver',
403 silly reify   'C:\\CODE PROJECT\\Tool Make\\tool-gsuite-edu\\Client\\node_modules\\.bin\\tsserver.cmd',
403 silly reify   'C:\\CODE PROJECT\\Tool Make\\tool-gsuite-edu\\Client\\node_modules\\.bin\\tsserver.ps1'
403 silly reify ]
404 silly reify mark retired [
404 silly reify   'C:\\CODE PROJECT\\Tool Make\\tool-gsuite-edu\\Client\\node_modules\\which',
404 silly reify   'C:\\CODE PROJECT\\Tool Make\\tool-gsuite-edu\\Client\\node_modules\\.bin\\node-which',
404 silly reify   'C:\\CODE PROJECT\\Tool Make\\tool-gsuite-edu\\Client\\node_modules\\.bin\\node-which.cmd',
404 silly reify   'C:\\CODE PROJECT\\Tool Make\\tool-gsuite-edu\\Client\\node_modules\\.bin\\node-which.ps1'
404 silly reify ]
405 silly reify moves {
405 silly reify   'C:\\CODE PROJECT\\Tool Make\\tool-gsuite-edu\\Client\\node_modules\\antd': 'C:\\CODE PROJECT\\Tool Make\\tool-gsuite-edu\\Client\\node_modules\\.antd-ImeB6jZu',
405 silly reify   'C:\\CODE PROJECT\\Tool Make\\tool-gsuite-edu\\Client\\node_modules\\es-toolkit': 'C:\\CODE PROJECT\\Tool Make\\tool-gsuite-edu\\Client\\node_modules\\.es-toolkit-dI4uBspC',
405 silly reify   'C:\\CODE PROJECT\\Tool Make\\tool-gsuite-edu\\Client\\node_modules\\lightningcss-android-arm64': 'C:\\CODE PROJECT\\Tool Make\\tool-gsuite-edu\\Client\\node_modules\\.lightningcss-android-arm64-sXvfCBSq',
405 silly reify   'C:\\CODE PROJECT\\Tool Make\\tool-gsuite-edu\\Client\\node_modules\\lightningcss-darwin-arm64': 'C:\\CODE PROJECT\\Tool Make\\tool-gsuite-edu\\Client\\node_modules\\.lightningcss-darwin-arm64-wuJO27CT',
405 silly reify   'C:\\CODE PROJECT\\Tool Make\\tool-gsuite-edu\\Client\\node_modules\\lightningcss-darwin-x64': 'C:\\CODE PROJECT\\Tool Make\\tool-gsuite-edu\\Client\\node_modules\\.lightningcss-darwin-x64-AG8nRjXk',
405 silly reify   'C:\\CODE PROJECT\\Tool Make\\tool-gsuite-edu\\Client\\node_modules\\lightningcss-freebsd-x64': 'C:\\CODE PROJECT\\Tool Make\\tool-gsuite-edu\\Client\\node_modules\\.lightningcss-freebsd-x64-VO8Zeigt',
405 silly reify   'C:\\CODE PROJECT\\Tool Make\\tool-gsuite-edu\\Client\\node_modules\\lightningcss-linux-arm-gnueabihf': 'C:\\CODE PROJECT\\Tool Make\\tool-gsuite-edu\\Client\\node_modules\\.lightningcss-linux-arm-gnueabihf-AZq0ZR6S',
405 silly reify   'C:\\CODE PROJECT\\Tool Make\\tool-gsuite-edu\\Client\\node_modules\\lightningcss-linux-arm64-gnu': 'C:\\CODE PROJECT\\Tool Make\\tool-gsuite-edu\\Client\\node_modules\\.lightningcss-linux-arm64-gnu-oVtQD1Vy',
405 silly reify   'C:\\CODE PROJECT\\Tool Make\\tool-gsuite-edu\\Client\\node_modules\\lightningcss-linux-arm64-musl': 'C:\\CODE PROJECT\\Tool Make\\tool-gsuite-edu\\Client\\node_modules\\.lightningcss-linux-arm64-musl-O3ZqmBfJ',
405 silly reify   'C:\\CODE PROJECT\\Tool Make\\tool-gsuite-edu\\Client\\node_modules\\lightningcss-linux-x64-gnu': 'C:\\CODE PROJECT\\Tool Make\\tool-gsuite-edu\\Client\\node_modules\\.lightningcss-linux-x64-gnu-f4VNYnZn',
405 silly reify   'C:\\CODE PROJECT\\Tool Make\\tool-gsuite-edu\\Client\\node_modules\\lightningcss-linux-x64-musl': 'C:\\CODE PROJECT\\Tool Make\\tool-gsuite-edu\\Client\\node_modules\\.lightningcss-linux-x64-musl-OkXQaGuU',
405 silly reify   'C:\\CODE PROJECT\\Tool Make\\tool-gsuite-edu\\Client\\node_modules\\lightningcss-win32-arm64-msvc': 'C:\\CODE PROJECT\\Tool Make\\tool-gsuite-edu\\Client\\node_modules\\.lightningcss-win32-arm64-msvc-j0R4Iq05',
405 silly reify   'C:\\CODE PROJECT\\Tool Make\\tool-gsuite-edu\\Client\\node_modules\\lucide-react': 'C:\\CODE PROJECT\\Tool Make\\tool-gsuite-edu\\Client\\node_modules\\.lucide-react-FUOWKxoh',
405 silly reify   'C:\\CODE PROJECT\\Tool Make\\tool-gsuite-edu\\Client\\node_modules\\next': 'C:\\CODE PROJECT\\Tool Make\\tool-gsuite-edu\\Client\\node_modules\\.next-SvcKqBX3',
405 silly reify   'C:\\CODE PROJECT\\Tool Make\\tool-gsuite-edu\\Client\\node_modules\\@ant-design\\icons': 'C:\\CODE PROJECT\\Tool Make\\tool-gsuite-edu\\Client\\node_modules\\@ant-design\\.icons-iKkshRiP',
405 silly reify   'C:\\CODE PROJECT\\Tool Make\\tool-gsuite-edu\\Client\\node_modules\\@ant-design\\icons-svg': 'C:\\CODE PROJECT\\Tool Make\\tool-gsuite-edu\\Client\\node_modules\\@ant-design\\.icons-svg-m9Irio09',
405 silly reify   'C:\\CODE PROJECT\\Tool Make\\tool-gsuite-edu\\Client\\node_modules\\@next\\swc-darwin-arm64': 'C:\\CODE PROJECT\\Tool Make\\tool-gsuite-edu\\Client\\node_modules\\@next\\.swc-darwin-arm64-0CwsyVVv',
405 silly reify   'C:\\CODE PROJECT\\Tool Make\\tool-gsuite-edu\\Client\\node_modules\\@next\\swc-darwin-x64': 'C:\\CODE PROJECT\\Tool Make\\tool-gsuite-edu\\Client\\node_modules\\@next\\.swc-darwin-x64-ZqBMXwzg',
405 silly reify   'C:\\CODE PROJECT\\Tool Make\\tool-gsuite-edu\\Client\\node_modules\\@next\\swc-linux-arm64-gnu': 'C:\\CODE PROJECT\\Tool Make\\tool-gsuite-edu\\Client\\node_modules\\@next\\.swc-linux-arm64-gnu-zU4p9FUS',
405 silly reify   'C:\\CODE PROJECT\\Tool Make\\tool-gsuite-edu\\Client\\node_modules\\@next\\swc-linux-x64-gnu': 'C:\\CODE PROJECT\\Tool Make\\tool-gsuite-edu\\Client\\node_modules\\@next\\.swc-linux-x64-gnu-pUoz6anl',
405 silly reify   'C:\\CODE PROJECT\\Tool Make\\tool-gsuite-edu\\Client\\node_modules\\@next\\swc-linux-arm64-musl': 'C:\\CODE PROJECT\\Tool Make\\tool-gsuite-edu\\Client\\node_modules\\@next\\.swc-linux-arm64-musl-fxbnI5Pv',
405 silly reify   'C:\\CODE PROJECT\\Tool Make\\tool-gsuite-edu\\Client\\node_modules\\@next\\swc-linux-x64-musl': 'C:\\CODE PROJECT\\Tool Make\\tool-gsuite-edu\\Client\\node_modules\\@next\\.swc-linux-x64-musl-MqruHFgu',
405 silly reify   'C:\\CODE PROJECT\\Tool Make\\tool-gsuite-edu\\Client\\node_modules\\@next\\swc-win32-arm64-msvc': 'C:\\CODE PROJECT\\Tool Make\\tool-gsuite-edu\\Client\\node_modules\\@next\\.swc-win32-arm64-msvc-0WE8dYoa',
405 silly reify   'C:\\CODE PROJECT\\Tool Make\\tool-gsuite-edu\\Client\\node_modules\\@tailwindcss\\oxide-android-arm64': 'C:\\CODE PROJECT\\Tool Make\\tool-gsuite-edu\\Client\\node_modules\\@tailwindcss\\.oxide-android-arm64-ov3KwxIy',
405 silly reify   'C:\\CODE PROJECT\\Tool Make\\tool-gsuite-edu\\Client\\node_modules\\@tailwindcss\\oxide-darwin-arm64': 'C:\\CODE PROJECT\\Tool Make\\tool-gsuite-edu\\Client\\node_modules\\@tailwindcss\\.oxide-darwin-arm64-c1sldysl',
405 silly reify   'C:\\CODE PROJECT\\Tool Make\\tool-gsuite-edu\\Client\\node_modules\\@tailwindcss\\oxide-darwin-x64': 'C:\\CODE PROJECT\\Tool Make\\tool-gsuite-edu\\Client\\node_modules\\@tailwindcss\\.oxide-darwin-x64-kOV8FsVh',
405 silly reify   'C:\\CODE PROJECT\\Tool Make\\tool-gsuite-edu\\Client\\node_modules\\@tailwindcss\\oxide-freebsd-x64': 'C:\\CODE PROJECT\\Tool Make\\tool-gsuite-edu\\Client\\node_modules\\@tailwindcss\\.oxide-freebsd-x64-Sbk4iB5v',
405 silly reify   'C:\\CODE PROJECT\\Tool Make\\tool-gsuite-edu\\Client\\node_modules\\@tailwindcss\\oxide-linux-arm-gnueabihf': 'C:\\CODE PROJECT\\Tool Make\\tool-gsuite-edu\\Client\\node_modules\\@tailwindcss\\.oxide-linux-arm-gnueabihf-fE7o4YuH',
405 silly reify   'C:\\CODE PROJECT\\Tool Make\\tool-gsuite-edu\\Client\\node_modules\\@tailwindcss\\oxide-linux-arm64-gnu': 'C:\\CODE PROJECT\\Tool Make\\tool-gsuite-edu\\Client\\node_modules\\@tailwindcss\\.oxide-linux-arm64-gnu-r2miL0Te',
405 silly reify   'C:\\CODE PROJECT\\Tool Make\\tool-gsuite-edu\\Client\\node_modules\\@tailwindcss\\oxide-linux-arm64-musl': 'C:\\CODE PROJECT\\Tool Make\\tool-gsuite-edu\\Client\\node_modules\\@tailwindcss\\.oxide-linux-arm64-musl-emlqxjN1',
405 silly reify   'C:\\CODE PROJECT\\Tool Make\\tool-gsuite-edu\\Client\\node_modules\\@tailwindcss\\oxide-linux-x64-gnu': 'C:\\CODE PROJECT\\Tool Make\\tool-gsuite-edu\\Client\\node_modules\\@tailwindcss\\.oxide-linux-x64-gnu-tnpMPvEu',
405 silly reify   'C:\\CODE PROJECT\\Tool Make\\tool-gsuite-edu\\Client\\node_modules\\@tailwindcss\\oxide-linux-x64-musl': 'C:\\CODE PROJECT\\Tool Make\\tool-gsuite-edu\\Client\\node_modules\\@tailwindcss\\.oxide-linux-x64-musl-NuwC1odn',
405 silly reify   'C:\\CODE PROJECT\\Tool Make\\tool-gsuite-edu\\Client\\node_modules\\@tailwindcss\\oxide-win32-arm64-msvc': 'C:\\CODE PROJECT\\Tool Make\\tool-gsuite-edu\\Client\\node_modules\\@tailwindcss\\.oxide-win32-arm64-msvc-CONpJWPS',
405 silly reify   'C:\\CODE PROJECT\\Tool Make\\tool-gsuite-edu\\Client\\node_modules\\@tailwindcss\\oxide-wasm32-wasi': 'C:\\CODE PROJECT\\Tool Make\\tool-gsuite-edu\\Client\\node_modules\\@tailwindcss\\.oxide-wasm32-wasi-OgSZ9S0d',
405 silly reify   'C:\\CODE PROJECT\\Tool Make\\tool-gsuite-edu\\Client\\node_modules\\@unrs\\resolver-binding-android-arm-eabi': 'C:\\CODE PROJECT\\Tool Make\\tool-gsuite-edu\\Client\\node_modules\\@unrs\\.resolver-binding-android-arm-eabi-q5SMh5C7',
405 silly reify   'C:\\CODE PROJECT\\Tool Make\\tool-gsuite-edu\\Client\\node_modules\\@unrs\\resolver-binding-android-arm64': 'C:\\CODE PROJECT\\Tool Make\\tool-gsuite-edu\\Client\\node_modules\\@unrs\\.resolver-binding-android-arm64-vBiawDUS',
405 silly reify   'C:\\CODE PROJECT\\Tool Make\\tool-gsuite-edu\\Client\\node_modules\\@unrs\\resolver-binding-darwin-arm64': 'C:\\CODE PROJECT\\Tool Make\\tool-gsuite-edu\\Client\\node_modules\\@unrs\\.resolver-binding-darwin-arm64-HGrmBi7E',
405 silly reify   'C:\\CODE PROJECT\\Tool Make\\tool-gsuite-edu\\Client\\node_modules\\@unrs\\resolver-binding-darwin-x64': 'C:\\CODE PROJECT\\Tool Make\\tool-gsuite-edu\\Client\\node_modules\\@unrs\\.resolver-binding-darwin-x64-40DzQ1gX',
405 silly reify   'C:\\CODE PROJECT\\Tool Make\\tool-gsuite-edu\\Client\\node_modules\\@unrs\\resolver-binding-freebsd-x64': 'C:\\CODE PROJECT\\Tool Make\\tool-gsuite-edu\\Client\\node_modules\\@unrs\\.resolver-binding-freebsd-x64-NBeWpR82',
405 silly reify   'C:\\CODE PROJECT\\Tool Make\\tool-gsuite-edu\\Client\\node_modules\\@unrs\\resolver-binding-linux-arm-gnueabihf': 'C:\\CODE PROJECT\\Tool Make\\tool-gsuite-edu\\Client\\node_modules\\@unrs\\.resolver-binding-linux-arm-gnueabihf-XL9CdPu6',
405 silly reify   'C:\\CODE PROJECT\\Tool Make\\tool-gsuite-edu\\Client\\node_modules\\@unrs\\resolver-binding-linux-arm-musleabihf': 'C:\\CODE PROJECT\\Tool Make\\tool-gsuite-edu\\Client\\node_modules\\@unrs\\.resolver-binding-linux-arm-musleabihf-wgjt4lI7',
405 silly reify   'C:\\CODE PROJECT\\Tool Make\\tool-gsuite-edu\\Client\\node_modules\\@unrs\\resolver-binding-linux-arm64-gnu': 'C:\\CODE PROJECT\\Tool Make\\tool-gsuite-edu\\Client\\node_modules\\@unrs\\.resolver-binding-linux-arm64-gnu-reoMrkrn',
405 silly reify   'C:\\CODE PROJECT\\Tool Make\\tool-gsuite-edu\\Client\\node_modules\\@unrs\\resolver-binding-linux-arm64-musl': 'C:\\CODE PROJECT\\Tool Make\\tool-gsuite-edu\\Client\\node_modules\\@unrs\\.resolver-binding-linux-arm64-musl-Ey5Cjqmu',
405 silly reify   'C:\\CODE PROJECT\\Tool Make\\tool-gsuite-edu\\Client\\node_modules\\@unrs\\resolver-binding-linux-ppc64-gnu': 'C:\\CODE PROJECT\\Tool Make\\tool-gsuite-edu\\Client\\node_modules\\@unrs\\.resolver-binding-linux-ppc64-gnu-iGnJWXUm',
405 silly reify   'C:\\CODE PROJECT\\Tool Make\\tool-gsuite-edu\\Client\\node_modules\\@unrs\\resolver-binding-linux-riscv64-gnu': 'C:\\CODE PROJECT\\Tool Make\\tool-gsuite-edu\\Client\\node_modules\\@unrs\\.resolver-binding-linux-riscv64-gnu-fvJjOIsL',
405 silly reify   'C:\\CODE PROJECT\\Tool Make\\tool-gsuite-edu\\Client\\node_modules\\@unrs\\resolver-binding-linux-riscv64-musl': 'C:\\CODE PROJECT\\Tool Make\\tool-gsuite-edu\\Client\\node_modules\\@unrs\\.resolver-binding-linux-riscv64-musl-YGCCz9EB',
405 silly reify   'C:\\CODE PROJECT\\Tool Make\\tool-gsuite-edu\\Client\\node_modules\\@unrs\\resolver-binding-linux-s390x-gnu': 'C:\\CODE PROJECT\\Tool Make\\tool-gsuite-edu\\Client\\node_modules\\@unrs\\.resolver-binding-linux-s390x-gnu-OikFx1oz',
405 silly reify   'C:\\CODE PROJECT\\Tool Make\\tool-gsuite-edu\\Client\\node_modules\\@unrs\\resolver-binding-wasm32-wasi': 'C:\\CODE PROJECT\\Tool Make\\tool-gsuite-edu\\Client\\node_modules\\@unrs\\.resolver-binding-wasm32-wasi-CtETdscj',
405 silly reify   'C:\\CODE PROJECT\\Tool Make\\tool-gsuite-edu\\Client\\node_modules\\@unrs\\resolver-binding-linux-x64-gnu': 'C:\\CODE PROJECT\\Tool Make\\tool-gsuite-edu\\Client\\node_modules\\@unrs\\.resolver-binding-linux-x64-gnu-AWo6jzFw',
405 silly reify   'C:\\CODE PROJECT\\Tool Make\\tool-gsuite-edu\\Client\\node_modules\\@unrs\\resolver-binding-linux-x64-musl': 'C:\\CODE PROJECT\\Tool Make\\tool-gsuite-edu\\Client\\node_modules\\@unrs\\.resolver-binding-linux-x64-musl-trhvC46v',
405 silly reify   'C:\\CODE PROJECT\\Tool Make\\tool-gsuite-edu\\Client\\node_modules\\@unrs\\resolver-binding-win32-arm64-msvc': 'C:\\CODE PROJECT\\Tool Make\\tool-gsuite-edu\\Client\\node_modules\\@unrs\\.resolver-binding-win32-arm64-msvc-1RlTuh7k',
405 silly reify   'C:\\CODE PROJECT\\Tool Make\\tool-gsuite-edu\\Client\\node_modules\\@unrs\\resolver-binding-win32-ia32-msvc': 'C:\\CODE PROJECT\\Tool Make\\tool-gsuite-edu\\Client\\node_modules\\@unrs\\.resolver-binding-win32-ia32-msvc-V3L6QAac',
405 silly reify   'C:\\CODE PROJECT\\Tool Make\\tool-gsuite-edu\\Client\\node_modules\\acorn': 'C:\\CODE PROJECT\\Tool Make\\tool-gsuite-edu\\Client\\node_modules\\.acorn-JYKO9o8G',
405 silly reify   'C:\\CODE PROJECT\\Tool Make\\tool-gsuite-edu\\Client\\node_modules\\.bin\\acorn': 'C:\\CODE PROJECT\\Tool Make\\tool-gsuite-edu\\Client\\node_modules\\.bin\\.acorn-XSeG5BiN',
405 silly reify   'C:\\CODE PROJECT\\Tool Make\\tool-gsuite-edu\\Client\\node_modules\\.bin\\acorn.cmd': 'C:\\CODE PROJECT\\Tool Make\\tool-gsuite-edu\\Client\\node_modules\\.bin\\.acorn.cmd-QdKY5jrG',
405 silly reify   'C:\\CODE PROJECT\\Tool Make\\tool-gsuite-edu\\Client\\node_modules\\.bin\\acorn.ps1': 'C:\\CODE PROJECT\\Tool Make\\tool-gsuite-edu\\Client\\node_modules\\.bin\\.acorn.ps1-agZ5JTkJ',
405 silly reify   'C:\\CODE PROJECT\\Tool Make\\tool-gsuite-edu\\Client\\node_modules\\eslint': 'C:\\CODE PROJECT\\Tool Make\\tool-gsuite-edu\\Client\\node_modules\\.eslint-vrog57jT',
405 silly reify   'C:\\CODE PROJECT\\Tool Make\\tool-gsuite-edu\\Client\\node_modules\\.bin\\eslint': 'C:\\CODE PROJECT\\Tool Make\\tool-gsuite-edu\\Client\\node_modules\\.bin\\.eslint-kUMah7M0',
405 silly reify   'C:\\CODE PROJECT\\Tool Make\\tool-gsuite-edu\\Client\\node_modules\\.bin\\eslint.cmd': 'C:\\CODE PROJECT\\Tool Make\\tool-gsuite-edu\\Client\\node_modules\\.bin\\.eslint.cmd-dgTWhAHz',
405 silly reify   'C:\\CODE PROJECT\\Tool Make\\tool-gsuite-edu\\Client\\node_modules\\.bin\\eslint.ps1': 'C:\\CODE PROJECT\\Tool Make\\tool-gsuite-edu\\Client\\node_modules\\.bin\\.eslint.ps1-l5KWcDP0',
405 silly reify   'C:\\CODE PROJECT\\Tool Make\\tool-gsuite-edu\\Client\\node_modules\\eslint-plugin-import\\node_modules\\semver': 'C:\\CODE PROJECT\\Tool Make\\tool-gsuite-edu\\Client\\node_modules\\eslint-plugin-import\\node_modules\\.semver-leLH8Nnb',
405 silly reify   'C:\\CODE PROJECT\\Tool Make\\tool-gsuite-edu\\Client\\node_modules\\eslint-plugin-import\\node_modules\\.bin\\semver': 'C:\\CODE PROJECT\\Tool Make\\tool-gsuite-edu\\Client\\node_modules\\eslint-plugin-import\\node_modules\\.bin\\.semver-Ozbpo6sb',
405 silly reify   'C:\\CODE PROJECT\\Tool Make\\tool-gsuite-edu\\Client\\node_modules\\eslint-plugin-import\\node_modules\\.bin\\semver.cmd': 'C:\\CODE PROJECT\\Tool Make\\tool-gsuite-edu\\Client\\node_modules\\eslint-plugin-import\\node_modules\\.bin\\.semver.cmd-ndrr92pc',
405 silly reify   'C:\\CODE PROJECT\\Tool Make\\tool-gsuite-edu\\Client\\node_modules\\eslint-plugin-import\\node_modules\\.bin\\semver.ps1': 'C:\\CODE PROJECT\\Tool Make\\tool-gsuite-edu\\Client\\node_modules\\eslint-plugin-import\\node_modules\\.bin\\.semver.ps1-so57IXqy',
405 silly reify   'C:\\CODE PROJECT\\Tool Make\\tool-gsuite-edu\\Client\\node_modules\\eslint-plugin-react\\node_modules\\semver': 'C:\\CODE PROJECT\\Tool Make\\tool-gsuite-edu\\Client\\node_modules\\eslint-plugin-react\\node_modules\\.semver-EeJ3qNXm',
405 silly reify   'C:\\CODE PROJECT\\Tool Make\\tool-gsuite-edu\\Client\\node_modules\\eslint-plugin-react\\node_modules\\.bin\\semver': 'C:\\CODE PROJECT\\Tool Make\\tool-gsuite-edu\\Client\\node_modules\\eslint-plugin-react\\node_modules\\.bin\\.semver-2DRuimjA',
405 silly reify   'C:\\CODE PROJECT\\Tool Make\\tool-gsuite-edu\\Client\\node_modules\\eslint-plugin-react\\node_modules\\.bin\\semver.cmd': 'C:\\CODE PROJECT\\Tool Make\\tool-gsuite-edu\\Client\\node_modules\\eslint-plugin-react\\node_modules\\.bin\\.semver.cmd-naocOVbV',
405 silly reify   'C:\\CODE PROJECT\\Tool Make\\tool-gsuite-edu\\Client\\node_modules\\eslint-plugin-react\\node_modules\\.bin\\semver.ps1': 'C:\\CODE PROJECT\\Tool Make\\tool-gsuite-edu\\Client\\node_modules\\eslint-plugin-react\\node_modules\\.bin\\.semver.ps1-nmjtgknJ',
405 silly reify   'C:\\CODE PROJECT\\Tool Make\\tool-gsuite-edu\\Client\\node_modules\\eslint-plugin-react\\node_modules\\resolve': 'C:\\CODE PROJECT\\Tool Make\\tool-gsuite-edu\\Client\\node_modules\\eslint-plugin-react\\node_modules\\.resolve-e7Ddvnlu',
405 silly reify   'C:\\CODE PROJECT\\Tool Make\\tool-gsuite-edu\\Client\\node_modules\\eslint-plugin-react\\node_modules\\.bin\\resolve': 'C:\\CODE PROJECT\\Tool Make\\tool-gsuite-edu\\Client\\node_modules\\eslint-plugin-react\\node_modules\\.bin\\.resolve-A3WFBXTI',
405 silly reify   'C:\\CODE PROJECT\\Tool Make\\tool-gsuite-edu\\Client\\node_modules\\eslint-plugin-react\\node_modules\\.bin\\resolve.cmd': 'C:\\CODE PROJECT\\Tool Make\\tool-gsuite-edu\\Client\\node_modules\\eslint-plugin-react\\node_modules\\.bin\\.resolve.cmd-w8IFVxIw',
405 silly reify   'C:\\CODE PROJECT\\Tool Make\\tool-gsuite-edu\\Client\\node_modules\\eslint-plugin-react\\node_modules\\.bin\\resolve.ps1': 'C:\\CODE PROJECT\\Tool Make\\tool-gsuite-edu\\Client\\node_modules\\eslint-plugin-react\\node_modules\\.bin\\.resolve.ps1-vtmw2kGN',
405 silly reify   'C:\\CODE PROJECT\\Tool Make\\tool-gsuite-edu\\Client\\node_modules\\jiti': 'C:\\CODE PROJECT\\Tool Make\\tool-gsuite-edu\\Client\\node_modules\\.jiti-nI7C1pgv',
405 silly reify   'C:\\CODE PROJECT\\Tool Make\\tool-gsuite-edu\\Client\\node_modules\\.bin\\jiti': 'C:\\CODE PROJECT\\Tool Make\\tool-gsuite-edu\\Client\\node_modules\\.bin\\.jiti-z0NYXJff',
405 silly reify   'C:\\CODE PROJECT\\Tool Make\\tool-gsuite-edu\\Client\\node_modules\\.bin\\jiti.cmd': 'C:\\CODE PROJECT\\Tool Make\\tool-gsuite-edu\\Client\\node_modules\\.bin\\.jiti.cmd-OGNZHiPy',
405 silly reify   'C:\\CODE PROJECT\\Tool Make\\tool-gsuite-edu\\Client\\node_modules\\.bin\\jiti.ps1': 'C:\\CODE PROJECT\\Tool Make\\tool-gsuite-edu\\Client\\node_modules\\.bin\\.jiti.ps1-mm4VFY7S',
405 silly reify   'C:\\CODE PROJECT\\Tool Make\\tool-gsuite-edu\\Client\\node_modules\\js-yaml': 'C:\\CODE PROJECT\\Tool Make\\tool-gsuite-edu\\Client\\node_modules\\.js-yaml-e5MWy0NV',
405 silly reify   'C:\\CODE PROJECT\\Tool Make\\tool-gsuite-edu\\Client\\node_modules\\.bin\\js-yaml': 'C:\\CODE PROJECT\\Tool Make\\tool-gsuite-edu\\Client\\node_modules\\.bin\\.js-yaml-8xOeiPBl',
405 silly reify   'C:\\CODE PROJECT\\Tool Make\\tool-gsuite-edu\\Client\\node_modules\\.bin\\js-yaml.cmd': 'C:\\CODE PROJECT\\Tool Make\\tool-gsuite-edu\\Client\\node_modules\\.bin\\.js-yaml.cmd-cI5Y6ob1',
405 silly reify   'C:\\CODE PROJECT\\Tool Make\\tool-gsuite-edu\\Client\\node_modules\\.bin\\js-yaml.ps1': 'C:\\CODE PROJECT\\Tool Make\\tool-gsuite-edu\\Client\\node_modules\\.bin\\.js-yaml.ps1-1CQQEqBS',
405 silly reify   'C:\\CODE PROJECT\\Tool Make\\tool-gsuite-edu\\Client\\node_modules\\json5': 'C:\\CODE PROJECT\\Tool Make\\tool-gsuite-edu\\Client\\node_modules\\.json5-e1fZHQgt',
405 silly reify   'C:\\CODE PROJECT\\Tool Make\\tool-gsuite-edu\\Client\\node_modules\\.bin\\json5': 'C:\\CODE PROJECT\\Tool Make\\tool-gsuite-edu\\Client\\node_modules\\.bin\\.json5-J6RMi4Rk',
405 silly reify   'C:\\CODE PROJECT\\Tool Make\\tool-gsuite-edu\\Client\\node_modules\\.bin\\json5.cmd': 'C:\\CODE PROJECT\\Tool Make\\tool-gsuite-edu\\Client\\node_modules\\.bin\\.json5.cmd-mq5S4KeY',
405 silly reify   'C:\\CODE PROJECT\\Tool Make\\tool-gsuite-edu\\Client\\node_modules\\.bin\\json5.ps1': 'C:\\CODE PROJECT\\Tool Make\\tool-gsuite-edu\\Client\\node_modules\\.bin\\.json5.ps1-6K02lF0G',
405 silly reify   'C:\\CODE PROJECT\\Tool Make\\tool-gsuite-edu\\Client\\node_modules\\loose-envify': 'C:\\CODE PROJECT\\Tool Make\\tool-gsuite-edu\\Client\\node_modules\\.loose-envify-MUT2VPKg',
405 silly reify   'C:\\CODE PROJECT\\Tool Make\\tool-gsuite-edu\\Client\\node_modules\\.bin\\loose-envify': 'C:\\CODE PROJECT\\Tool Make\\tool-gsuite-edu\\Client\\node_modules\\.bin\\.loose-envify-21wkD11K',
405 silly reify   'C:\\CODE PROJECT\\Tool Make\\tool-gsuite-edu\\Client\\node_modules\\.bin\\loose-envify.cmd': 'C:\\CODE PROJECT\\Tool Make\\tool-gsuite-edu\\Client\\node_modules\\.bin\\.loose-envify.cmd-9W6UkVs5',
405 silly reify   'C:\\CODE PROJECT\\Tool Make\\tool-gsuite-edu\\Client\\node_modules\\.bin\\loose-envify.ps1': 'C:\\CODE PROJECT\\Tool Make\\tool-gsuite-edu\\Client\\node_modules\\.bin\\.loose-envify.ps1-KKbZKrs8',
405 silly reify   'C:\\CODE PROJECT\\Tool Make\\tool-gsuite-edu\\Client\\node_modules\\nanoid': 'C:\\CODE PROJECT\\Tool Make\\tool-gsuite-edu\\Client\\node_modules\\.nanoid-zpW0N7CV',
405 silly reify   'C:\\CODE PROJECT\\Tool Make\\tool-gsuite-edu\\Client\\node_modules\\.bin\\nanoid': 'C:\\CODE PROJECT\\Tool Make\\tool-gsuite-edu\\Client\\node_modules\\.bin\\.nanoid-yoz6RToN',
405 silly reify   'C:\\CODE PROJECT\\Tool Make\\tool-gsuite-edu\\Client\\node_modules\\.bin\\nanoid.cmd': 'C:\\CODE PROJECT\\Tool Make\\tool-gsuite-edu\\Client\\node_modules\\.bin\\.nanoid.cmd-rNwU4jFe',
405 silly reify   'C:\\CODE PROJECT\\Tool Make\\tool-gsuite-edu\\Client\\node_modules\\.bin\\nanoid.ps1': 'C:\\CODE PROJECT\\Tool Make\\tool-gsuite-edu\\Client\\node_modules\\.bin\\.nanoid.ps1-7DzN9Cp3',
405 silly reify   'C:\\CODE PROJECT\\Tool Make\\tool-gsuite-edu\\Client\\node_modules\\napi-postinstall': 'C:\\CODE PROJECT\\Tool Make\\tool-gsuite-edu\\Client\\node_modules\\.napi-postinstall-tBN0bGAY',
405 silly reify   'C:\\CODE PROJECT\\Tool Make\\tool-gsuite-edu\\Client\\node_modules\\.bin\\napi-postinstall': 'C:\\CODE PROJECT\\Tool Make\\tool-gsuite-edu\\Client\\node_modules\\.bin\\.napi-postinstall-I93kS0Im',
405 silly reify   'C:\\CODE PROJECT\\Tool Make\\tool-gsuite-edu\\Client\\node_modules\\.bin\\napi-postinstall.cmd': 'C:\\CODE PROJECT\\Tool Make\\tool-gsuite-edu\\Client\\node_modules\\.bin\\.napi-postinstall.cmd-IkOeoOUj',
405 silly reify   'C:\\CODE PROJECT\\Tool Make\\tool-gsuite-edu\\Client\\node_modules\\.bin\\napi-postinstall.ps1': 'C:\\CODE PROJECT\\Tool Make\\tool-gsuite-edu\\Client\\node_modules\\.bin\\.napi-postinstall.ps1-GKxbclEF',
405 silly reify   'C:\\CODE PROJECT\\Tool Make\\tool-gsuite-edu\\Client\\node_modules\\resolve': 'C:\\CODE PROJECT\\Tool Make\\tool-gsuite-edu\\Client\\node_modules\\.resolve-K1R6wzvq',
405 silly reify   'C:\\CODE PROJECT\\Tool Make\\tool-gsuite-edu\\Client\\node_modules\\.bin\\resolve': 'C:\\CODE PROJECT\\Tool Make\\tool-gsuite-edu\\Client\\node_modules\\.bin\\.resolve-BUB09oiM',
405 silly reify   'C:\\CODE PROJECT\\Tool Make\\tool-gsuite-edu\\Client\\node_modules\\.bin\\resolve.cmd': 'C:\\CODE PROJECT\\Tool Make\\tool-gsuite-edu\\Client\\node_modules\\.bin\\.resolve.cmd-5G6yRvPi',
405 silly reify   'C:\\CODE PROJECT\\Tool Make\\tool-gsuite-edu\\Client\\node_modules\\.bin\\resolve.ps1': 'C:\\CODE PROJECT\\Tool Make\\tool-gsuite-edu\\Client\\node_modules\\.bin\\.resolve.ps1-UDRtWHHF',
405 silly reify   'C:\\CODE PROJECT\\Tool Make\\tool-gsuite-edu\\Client\\node_modules\\semver': 'C:\\CODE PROJECT\\Tool Make\\tool-gsuite-edu\\Client\\node_modules\\.semver-vJPMBafE',
405 silly reify   'C:\\CODE PROJECT\\Tool Make\\tool-gsuite-edu\\Client\\node_modules\\.bin\\semver': 'C:\\CODE PROJECT\\Tool Make\\tool-gsuite-edu\\Client\\node_modules\\.bin\\.semver-A0QnpM95',
405 silly reify   'C:\\CODE PROJECT\\Tool Make\\tool-gsuite-edu\\Client\\node_modules\\.bin\\semver.cmd': 'C:\\CODE PROJECT\\Tool Make\\tool-gsuite-edu\\Client\\node_modules\\.bin\\.semver.cmd-1IMSFR6J',
405 silly reify   'C:\\CODE PROJECT\\Tool Make\\tool-gsuite-edu\\Client\\node_modules\\.bin\\semver.ps1': 'C:\\CODE PROJECT\\Tool Make\\tool-gsuite-edu\\Client\\node_modules\\.bin\\.semver.ps1-I2NvnY4m',
405 silly reify   'C:\\CODE PROJECT\\Tool Make\\tool-gsuite-edu\\Client\\node_modules\\typescript': 'C:\\CODE PROJECT\\Tool Make\\tool-gsuite-edu\\Client\\node_modules\\.typescript-StjFCK4J',
405 silly reify   'C:\\CODE PROJECT\\Tool Make\\tool-gsuite-edu\\Client\\node_modules\\.bin\\tsc': 'C:\\CODE PROJECT\\Tool Make\\tool-gsuite-edu\\Client\\node_modules\\.bin\\.tsc-DH16sY7u',
405 silly reify   'C:\\CODE PROJECT\\Tool Make\\tool-gsuite-edu\\Client\\node_modules\\.bin\\tsc.cmd': 'C:\\CODE PROJECT\\Tool Make\\tool-gsuite-edu\\Client\\node_modules\\.bin\\.tsc.cmd-uBXOn9Sn',
405 silly reify   'C:\\CODE PROJECT\\Tool Make\\tool-gsuite-edu\\Client\\node_modules\\.bin\\tsc.ps1': 'C:\\CODE PROJECT\\Tool Make\\tool-gsuite-edu\\Client\\node_modules\\.bin\\.tsc.ps1-Qt2QCnbS',
405 silly reify   'C:\\CODE PROJECT\\Tool Make\\tool-gsuite-edu\\Client\\node_modules\\.bin\\tsserver': 'C:\\CODE PROJECT\\Tool Make\\tool-gsuite-edu\\Client\\node_modules\\.bin\\.tsserver-3QotfPx3',
405 silly reify   'C:\\CODE PROJECT\\Tool Make\\tool-gsuite-edu\\Client\\node_modules\\.bin\\tsserver.cmd': 'C:\\CODE PROJECT\\Tool Make\\tool-gsuite-edu\\Client\\node_modules\\.bin\\.tsserver.cmd-ODGsevdW',
405 silly reify   'C:\\CODE PROJECT\\Tool Make\\tool-gsuite-edu\\Client\\node_modules\\.bin\\tsserver.ps1': 'C:\\CODE PROJECT\\Tool Make\\tool-gsuite-edu\\Client\\node_modules\\.bin\\.tsserver.ps1-QDNH9HAI',
405 silly reify   'C:\\CODE PROJECT\\Tool Make\\tool-gsuite-edu\\Client\\node_modules\\which': 'C:\\CODE PROJECT\\Tool Make\\tool-gsuite-edu\\Client\\node_modules\\.which-5fyzwGKo',
405 silly reify   'C:\\CODE PROJECT\\Tool Make\\tool-gsuite-edu\\Client\\node_modules\\.bin\\node-which': 'C:\\CODE PROJECT\\Tool Make\\tool-gsuite-edu\\Client\\node_modules\\.bin\\.node-which-8whsj6y9',
405 silly reify   'C:\\CODE PROJECT\\Tool Make\\tool-gsuite-edu\\Client\\node_modules\\.bin\\node-which.cmd': 'C:\\CODE PROJECT\\Tool Make\\tool-gsuite-edu\\Client\\node_modules\\.bin\\.node-which.cmd-A25b4kkf',
405 silly reify   'C:\\CODE PROJECT\\Tool Make\\tool-gsuite-edu\\Client\\node_modules\\.bin\\node-which.ps1': 'C:\\CODE PROJECT\\Tool Make\\tool-gsuite-edu\\Client\\node_modules\\.bin\\.node-which.ps1-AaJ60C8A'
405 silly reify }
406 verbose reify failed optional dependency C:\CODE PROJECT\Tool Make\tool-gsuite-edu\Client\node_modules\@tailwindcss\oxide\node_modules\@tailwindcss\oxide-wasm32-wasi
407 silly reify mark deleted [
407 silly reify   'C:\\CODE PROJECT\\Tool Make\\tool-gsuite-edu\\Client\\node_modules\\@tailwindcss\\oxide\\node_modules\\@tailwindcss\\oxide-wasm32-wasi'
407 silly reify ]
408 silly audit bulk request {
408 silly audit   '@ant-design/colors': [ '8.0.0', '7.2.1' ],
408 silly audit   '@ant-design/fast-color': [ '3.0.0', '2.0.6' ],
408 silly audit   postcss: [ '8.5.6', '8.4.31' ],
408 silly audit   ajv: [ '6.12.6' ],
408 silly audit   'ansi-styles': [ '4.3.0' ],
408 silly audit   argparse: [ '2.0.1' ],
408 silly audit   'acorn-jsx': [ '5.3.2' ],
408 silly audit   acorn: [ '8.15.0' ],
408 silly audit   'aria-hidden': [ '1.2.6' ],
408 silly audit   'array-buffer-byte-length': [ '1.0.2' ],
408 silly audit   'aria-query': [ '5.3.2' ],
408 silly audit   'array.prototype.findlast': [ '1.2.5' ],
408 silly audit   'array-includes': [ '3.1.9' ],
408 silly audit   'array.prototype.findlastindex': [ '1.2.6' ],
408 silly audit   'array.prototype.flatmap': [ '1.3.3' ],
408 silly audit   'array.prototype.flat': [ '1.3.3' ],
408 silly audit   'async-function': [ '1.0.0' ],
408 silly audit   asynckit: [ '0.4.0' ],
408 silly audit   'axe-core': [ '4.11.0' ],
408 silly audit   'array.prototype.tosorted': [ '1.1.4' ],
408 silly audit   'arraybuffer.prototype.slice': [ '1.0.4' ],
408 silly audit   'ast-types-flow': [ '0.0.8' ],
408 silly audit   'balanced-match': [ '1.0.2' ],
408 silly audit   braces: [ '3.0.3' ],
408 silly audit   'brace-expansion': [ '1.1.12', '2.0.2' ],
408 silly audit   'call-bind-apply-helpers': [ '1.0.2' ],
408 silly audit   'available-typed-arrays': [ '1.0.7' ],
408 silly audit   callsites: [ '3.1.0' ],
408 silly audit   'call-bound': [ '1.0.4' ],
408 silly audit   axios: [ '1.13.1' ],
408 silly audit   'axobject-query': [ '4.1.0' ],
408 silly audit   'class-variance-authority': [ '0.7.1' ],
408 silly audit   'call-bind': [ '1.0.8' ],
408 silly audit   classnames: [ '2.5.1' ],
408 silly audit   'client-only': [ '0.0.1' ],
408 silly audit   'color-convert': [ '2.0.1' ],
408 silly audit   clsx: [ '2.1.1' ],
408 silly audit   'color-name': [ '1.1.4' ],
408 silly audit   'combined-stream': [ '1.0.8' ],
408 silly audit   'compute-scroll-into-view': [ '3.1.1' ],
408 silly audit   'concat-map': [ '0.0.1' ],
408 silly audit   'copy-to-clipboard': [ '3.3.3' ],
408 silly audit   'cross-spawn': [ '7.0.6' ],
408 silly audit   'd3-array': [ '3.2.4' ],
408 silly audit   'd3-color': [ '3.1.0' ],
408 silly audit   chalk: [ '4.1.2' ],
408 silly audit   'd3-format': [ '3.1.0' ],
408 silly audit   'caniuse-lite': [ '1.0.30001751' ],
408 silly audit   'd3-path': [ '3.1.0' ],
408 silly audit   csstype: [ '3.1.3' ],
408 silly audit   'd3-shape': [ '3.2.0' ],
408 silly audit   'd3-ease': [ '3.0.1' ],
408 silly audit   'd3-interpolate': [ '3.0.1' ],
408 silly audit   'd3-timer': [ '3.0.1' ],
408 silly audit   'damerau-levenshtein': [ '1.0.8' ],
408 silly audit   'd3-scale': [ '4.0.2' ],
408 silly audit   'd3-time': [ '3.1.0' ],
408 silly audit   'd3-time-format': [ '4.1.0' ],
408 silly audit   'data-view-buffer': [ '1.0.2' ],
408 silly audit   debug: [ '4.4.3', '3.2.7' ],
408 silly audit   'decimal.js-light': [ '2.5.1' ],
408 silly audit   'deep-is': [ '0.1.4' ],
408 silly audit   'data-view-byte-offset': [ '1.0.1' ],
408 silly audit   'delayed-stream': [ '1.0.0' ],
408 silly audit   'data-view-byte-length': [ '1.0.2' ],
408 silly audit   'detect-libc': [ '2.1.2' ],
408 silly audit   'detect-node-es': [ '1.1.0' ],
408 silly audit   dayjs: [ '1.11.18' ],
408 silly audit   'dunder-proto': [ '1.0.1' ],
408 silly audit   'define-data-property': [ '1.1.4' ],
408 silly audit   'define-properties': [ '1.2.1' ],
408 silly audit   'es-define-property': [ '1.0.1' ],
408 silly audit   'es-errors': [ '1.3.0' ],
408 silly audit   doctrine: [ '2.1.0' ],
408 silly audit   'es-object-atoms': [ '1.1.1' ],
408 silly audit   'emoji-regex': [ '9.2.2' ],
408 silly audit   'enhanced-resolve': [ '5.18.3' ],
408 silly audit   'es-iterator-helpers': [ '1.2.1' ],
408 silly audit   'es-set-tostringtag': [ '2.1.0' ],
408 silly audit   'es-shim-unscopables': [ '1.1.0' ],
408 silly audit   'es-to-primitive': [ '1.3.0' ],
408 silly audit   'escape-string-regexp': [ '4.0.0' ],
408 silly audit   'eslint-config-next': [ '15.5.4' ],
408 silly audit   eslint: [ '9.38.0' ],
408 silly audit   'eslint-import-resolver-node': [ '0.3.9' ],
408 silly audit   'eslint-import-resolver-typescript': [ '3.10.1' ],
408 silly audit   'eslint-module-utils': [ '2.12.1' ],
408 silly audit   'eslint-plugin-import': [ '2.32.0' ],
408 silly audit   semver: [ '6.3.1', '7.7.3' ],
408 silly audit   'eslint-plugin-jsx-a11y': [ '6.10.2' ],
408 silly audit   'eslint-plugin-react-hooks': [ '5.2.0' ],
408 silly audit   'eslint-plugin-react': [ '7.37.5' ],
408 silly audit   resolve: [ '2.0.0-next.5', '1.22.11' ],
408 silly audit   'eslint-scope': [ '8.4.0' ],
408 silly audit   esrecurse: [ '4.3.0' ],
408 silly audit   estraverse: [ '5.3.0' ],
408 silly audit   'eslint-visitor-keys': [ '4.2.1', '3.4.3' ],
408 silly audit   eventemitter3: [ '5.0.1' ],
408 silly audit   'fast-deep-equal': [ '3.1.3' ],
408 silly audit   espree: [ '10.4.0' ],
408 silly audit   'fast-json-stable-stringify': [ '2.1.0' ],
408 silly audit   'fast-levenshtein': [ '2.0.6' ],
408 silly audit   fastq: [ '1.19.1' ],
408 silly audit   esquery: [ '1.6.0' ],
408 silly audit   'fill-range': [ '7.1.1' ],
408 silly audit   esutils: [ '2.0.3' ],
408 silly audit   'flat-cache': [ '4.0.1' ],
408 silly audit   'fast-glob': [ '3.3.1', '3.3.3' ],
408 silly audit   'glob-parent': [ '5.1.2', '6.0.2' ],
408 silly audit   'follow-redirects': [ '1.15.11' ],
408 silly audit   'for-each': [ '0.3.5' ],
408 silly audit   'file-entry-cache': [ '8.0.0' ],
408 silly audit   'form-data': [ '4.0.4' ],
408 silly audit   'function-bind': [ '1.1.2' ],
408 silly audit   'functions-have-names': [ '1.2.3' ],
408 silly audit   'generator-function': [ '2.0.1' ],
408 silly audit   'get-intrinsic': [ '1.3.0' ],
408 silly audit   'get-nonce': [ '1.0.1' ],
408 silly audit   'get-proto': [ '1.0.1' ],
408 silly audit   'find-up': [ '5.0.0' ],
408 silly audit   flatted: [ '3.3.3' ],
408 silly audit   'function.prototype.name': [ '1.1.8' ],
408 silly audit   'get-symbol-description': [ '1.1.0' ],
408 silly audit   'graceful-fs': [ '4.2.11' ],
408 silly audit   globals: [ '14.0.0' ],
408 silly audit   gopd: [ '1.2.0' ],
408 silly audit   'has-bigints': [ '1.1.0' ],
408 silly audit   'get-tsconfig': [ '4.13.0' ],
408 silly audit   'has-flag': [ '4.0.0' ],
408 silly audit   globalthis: [ '1.0.4' ],
408 silly audit   'has-symbols': [ '1.1.0' ],
408 silly audit   graphemer: [ '1.4.0' ],
408 silly audit   ignore: [ '5.3.2', '7.0.5' ],
408 silly audit   hasown: [ '2.0.2' ],
408 silly audit   'has-property-descriptors': [ '1.0.2' ],
408 silly audit   'import-fresh': [ '3.3.1' ],
408 silly audit   'has-proto': [ '1.2.0' ],
408 silly audit   'has-tostringtag': [ '1.0.2' ],
408 silly audit   internmap: [ '2.0.3' ],
408 silly audit   'is-async-function': [ '2.1.1' ],
408 silly audit   immer: [ '10.2.0' ],
408 silly audit   'is-bigint': [ '1.1.0' ],
408 silly audit   'is-boolean-object': [ '1.2.2' ],
408 silly audit   imurmurhash: [ '0.1.4' ],
408 silly audit   'internal-slot': [ '1.1.0' ],
408 silly audit   'is-array-buffer': [ '3.0.5' ],
408 silly audit   'is-bun-module': [ '2.0.0' ],
408 silly audit   'is-callable': [ '1.2.7' ],
408 silly audit   'is-extglob': [ '2.1.1' ],
408 silly audit   'is-finalizationregistry': [ '1.1.1' ],
408 silly audit   'is-map': [ '2.0.3' ],
408 silly audit   'is-generator-function': [ '1.1.2' ],
408 silly audit   'is-glob': [ '4.0.3' ],
408 silly audit   'is-mobile': [ '5.0.0' ],
408 silly audit   'is-core-module': [ '2.16.1' ],
408 silly audit   'is-number': [ '7.0.0' ],
408 silly audit   'is-number-object': [ '1.1.1' ],
408 silly audit   'is-data-view': [ '1.0.2' ],
408 silly audit   'is-date-object': [ '1.1.0' ],
408 silly audit   'is-negative-zero': [ '2.0.3' ],
408 silly audit   'is-regex': [ '1.2.1' ],
408 silly audit   'is-shared-array-buffer': [ '1.0.4' ],
408 silly audit   'is-set': [ '2.0.3' ],
408 silly audit   'is-weakmap': [ '2.0.2' ],
408 silly audit   'is-string': [ '1.1.1' ],
408 silly audit   'is-weakset': [ '2.0.4' ],
408 silly audit   isexe: [ '2.0.0' ],
408 silly audit   'is-symbol': [ '1.1.1' ],
408 silly audit   jiti: [ '2.6.1' ],
408 silly audit   'is-typed-array': [ '1.1.15' ],
408 silly audit   'iterator.prototype': [ '1.1.5' ],
408 silly audit   'js-tokens': [ '4.0.0' ],
408 silly audit   'json-buffer': [ '3.0.1' ],
408 silly audit   isarray: [ '2.0.5' ],
408 silly audit   'json-schema-traverse': [ '0.4.1' ],
408 silly audit   'is-weakref': [ '1.1.1' ],
408 silly audit   json2mq: [ '0.2.0' ],
408 silly audit   json5: [ '1.0.2' ],
408 silly audit   keyv: [ '4.5.4' ],
408 silly audit   'js-yaml': [ '4.1.0' ],
408 silly audit   'language-tags': [ '1.0.9' ],
408 silly audit   'json-stable-stringify-without-jsonify': [ '1.0.1' ],
408 silly audit   'jsx-ast-utils': [ '3.3.5' ],
408 silly audit   'lightningcss-win32-x64-msvc': [ '1.30.2' ],
408 silly audit   'locate-path': [ '6.0.0' ],
408 silly audit   'language-subtag-registry': [ '0.3.23' ],
408 silly audit   'loose-envify': [ '1.4.0' ],
408 silly audit   lightningcss: [ '1.30.2' ],
408 silly audit   levn: [ '0.4.1' ],
408 silly audit   'lodash.merge': [ '4.6.2' ],
408 silly audit   merge2: [ '1.4.1' ],
408 silly audit   'mime-types': [ '2.1.35' ],
408 silly audit   micromatch: [ '4.0.8' ],
408 silly audit   'mime-db': [ '1.52.0' ],
408 silly audit   'magic-string': [ '0.30.21' ],
408 silly audit   ms: [ '2.1.3' ],
408 silly audit   'math-intrinsics': [ '1.1.0' ],
408 silly audit   'napi-postinstall': [ '0.3.4' ],
408 silly audit   minimatch: [ '3.1.2', '9.0.5' ],
408 silly audit   'next-themes': [ '0.4.6' ],
408 silly audit   'object-assign': [ '4.1.1' ],
408 silly audit   minimist: [ '1.2.8' ],
408 silly audit   nanoid: [ '3.3.11' ],
408 silly audit   'natural-compare': [ '1.4.0' ],
408 silly audit   'object-inspect': [ '1.13.4' ],
408 silly audit   'object-keys': [ '1.1.1' ],
408 silly audit   'object.entries': [ '1.1.9' ],
408 silly audit   'object.assign': [ '4.1.7' ],
408 silly audit   'object.fromentries': [ '2.0.8' ],
408 silly audit   'object.values': [ '1.2.1' ],
408 silly audit   'p-limit': [ '3.1.0' ],
408 silly audit   'p-locate': [ '5.0.0' ],
408 silly audit   'parent-module': [ '1.0.1' ],
408 silly audit   'path-exists': [ '4.0.0' ],
408 silly audit   'path-key': [ '3.1.1' ],
408 silly audit   'path-parse': [ '1.0.7' ],
408 silly audit   picocolors: [ '1.1.1' ],
408 silly audit   picomatch: [ '2.3.1', '4.0.3' ],
408 silly audit   'object.groupby': [ '1.0.3' ],
408 silly audit   optionator: [ '0.9.4' ],
408 silly audit   'own-keys': [ '1.0.1' ],
408 silly audit   'possible-typed-array-names': [ '1.1.0' ],
408 silly audit   'proxy-from-env': [ '1.1.0' ],
408 silly audit   punycode: [ '2.3.1' ],
408 silly audit   'queue-microtask': [ '1.2.3' ],
408 silly audit   'rc-checkbox': [ '3.5.0' ],
408 silly audit   'prelude-ls': [ '1.2.1' ],
408 silly audit   'prop-types': [ '15.8.1' ],
408 silly audit   'react-is': [ '16.13.1', '18.3.1', '19.2.0' ],
408 silly audit   'rc-cascader': [ '3.34.0' ],
408 silly audit   'rc-collapse': [ '3.9.0' ],
408 silly audit   'rc-field-form': [ '2.7.1' ],
408 silly audit   'rc-dialog': [ '9.6.0' ],
408 silly audit   'rc-dropdown': [ '4.2.1' ],
408 silly audit   'rc-drawer': [ '7.3.0' ],
408 silly audit   'rc-input': [ '1.8.0' ],
408 silly audit   'rc-menu': [ '9.16.1' ],
408 silly audit   'rc-image': [ '7.12.0' ],
408 silly audit   'rc-input-number': [ '9.5.0' ],
408 silly audit   'rc-mentions': [ '2.20.0' ],
408 silly audit   'rc-motion': [ '2.9.5' ],
408 silly audit   'rc-notification': [ '5.6.4' ],
408 silly audit   'rc-rate': [ '2.13.1' ],
408 silly audit   'rc-overflow': [ '1.5.0' ],
408 silly audit   'rc-progress': [ '4.0.0' ],
408 silly audit   'rc-segmented': [ '2.7.0' ],
408 silly audit   'rc-picker': [ '4.11.3' ],
408 silly audit   'rc-pagination': [ '5.1.0' ],
408 silly audit   'rc-steps': [ '6.0.1' ],
408 silly audit   'rc-resize-observer': [ '1.4.3' ],
408 silly audit   'rc-switch': [ '4.1.0' ],
408 silly audit   'rc-select': [ '14.16.8' ],
408 silly audit   'rc-textarea': [ '1.10.2' ],
408 silly audit   'rc-tooltip': [ '6.4.0' ],
408 silly audit   'rc-slider': [ '11.1.9' ],
408 silly audit   'rc-tabs': [ '15.7.0' ],
408 silly audit   'rc-table': [ '7.54.0' ],
408 silly audit   'rc-tree': [ '5.13.1' ],
408 silly audit   'rc-upload': [ '4.9.2' ],
408 silly audit   react: [ '19.1.0' ],
408 silly audit   'rc-tree-select': [ '5.27.0' ],
408 silly audit   'react-hook-form': [ '7.65.0' ],
408 silly audit   'react-redux': [ '9.2.0' ],
408 silly audit   'rc-util': [ '5.44.4' ],
408 silly audit   'rc-virtual-list': [ '3.19.2' ],
408 silly audit   'react-dom': [ '19.1.0' ],
408 silly audit   'react-remove-scroll': [ '2.7.1' ],
408 silly audit   redux: [ '5.0.1' ],
408 silly audit   'redux-thunk': [ '3.1.0' ],
408 silly audit   'react-remove-scroll-bar': [ '2.3.8' ],
408 silly audit   'react-style-singleton': [ '2.2.3' ],
408 silly audit   reselect: [ '5.1.1' ],
408 silly audit   'resize-observer-polyfill': [ '1.5.1' ],
408 silly audit   recharts: [ '3.3.0' ],
408 silly audit   'resolve-from': [ '4.0.0' ],
408 silly audit   'resolve-pkg-maps': [ '1.0.0' ],
408 silly audit   reusify: [ '1.1.0' ],
408 silly audit   'run-parallel': [ '1.2.0' ],
408 silly audit   'reflect.getprototypeof': [ '1.0.10' ],
408 silly audit   'regexp.prototype.flags': [ '1.5.4' ],
408 silly audit   'safe-array-concat': [ '1.1.3' ],
408 silly audit   'scroll-into-view-if-needed': [ '3.1.0' ],
408 silly audit   'set-function-name': [ '2.0.2' ],
408 silly audit   'safe-push-apply': [ '1.0.0' ],
408 silly audit   'safe-regex-test': [ '1.1.0' ],
408 silly audit   scheduler: [ '0.26.0' ],
408 silly audit   'shebang-command': [ '2.0.0' ],
408 silly audit   'side-channel': [ '1.1.0' ],
408 silly audit   'shebang-regex': [ '3.0.0' ],
408 silly audit   'side-channel-list': [ '1.0.0' ],
408 silly audit   'side-channel-map': [ '1.0.1' ],
408 silly audit   'side-channel-weakmap': [ '1.0.2' ],
408 silly audit   sonner: [ '2.0.7' ],
408 silly audit   'set-function-length': [ '1.2.2' ],
408 silly audit   'set-proto': [ '1.0.0' ],
408 silly audit   sharp: [ '0.34.4' ],
408 silly audit   'source-map-js': [ '1.2.1' ],
408 silly audit   'stable-hash': [ '0.0.5' ],
408 silly audit   'string-convert': [ '0.2.1' ],
408 silly audit   'stop-iteration-iterator': [ '1.1.0' ],
408 silly audit   'string.prototype.includes': [ '2.0.1' ],
408 silly audit   'string.prototype.matchall': [ '4.0.12' ],
408 silly audit   'string.prototype.repeat': [ '1.0.0' ],
408 silly audit   'strip-bom': [ '3.0.0' ],
408 silly audit   'string.prototype.trimstart': [ '1.0.8' ],
408 silly audit   'string.prototype.trimend': [ '1.0.9' ],
408 silly audit   stylis: [ '4.3.6' ],
408 silly audit   'string.prototype.trim': [ '1.2.10' ],
408 silly audit   'tailwind-merge': [ '3.3.1' ],
408 silly audit   'supports-preserve-symlinks-flag': [ '1.0.0' ],
408 silly audit   'strip-json-comments': [ '3.1.1' ],
408 silly audit   'throttle-debounce': [ '5.0.2' ],
408 silly audit   'styled-jsx': [ '5.1.6' ],
408 silly audit   'tiny-invariant': [ '1.3.3' ],
408 silly audit   'supports-color': [ '7.2.0' ],
408 silly audit   'to-regex-range': [ '5.0.1' ],
408 silly audit   tailwindcss: [ '4.1.16' ],
408 silly audit   'toggle-selection': [ '1.0.6' ],
408 silly audit   tapable: [ '2.3.0' ],
408 silly audit   tslib: [ '2.8.1' ],
408 silly audit   tinyglobby: [ '0.2.15' ],
408 silly audit   fdir: [ '6.5.0' ],
408 silly audit   'tw-animate-css': [ '1.4.0' ],
408 silly audit   'type-check': [ '0.4.0' ],
408 silly audit   'ts-api-utils': [ '2.1.0' ],
408 silly audit   'tsconfig-paths': [ '3.15.0' ],
408 silly audit   'typed-array-buffer': [ '1.0.3' ],
408 silly audit   'typed-array-byte-length': [ '1.0.3' ],
408 silly audit   'typed-array-byte-offset': [ '1.0.4' ],
408 silly audit   'typed-array-length': [ '1.0.7' ],
408 silly audit   typescript: [ '5.9.3' ],
408 silly audit   'unbox-primitive': [ '1.1.0' ],
408 silly audit   'undici-types': [ '6.21.0' ],
408 silly audit   'unrs-resolver': [ '1.11.1' ],
408 silly audit   'uri-js': [ '4.4.1' ],
408 silly audit   'use-callback-ref': [ '1.3.3' ],
408 silly audit   which: [ '2.0.2' ],
408 silly audit   'which-boxed-primitive': [ '1.1.1' ],
408 silly audit   'which-builtin-type': [ '1.2.1' ],
408 silly audit   'which-collection': [ '1.0.2' ],
408 silly audit   'word-wrap': [ '1.2.5' ],
408 silly audit   'use-sync-external-store': [ '1.6.0' ],
408 silly audit   'yocto-queue': [ '0.1.0' ],
408 silly audit   'use-sidecar': [ '1.1.3' ],
408 silly audit   'victory-vendor': [ '37.3.6' ],
408 silly audit   'which-typed-array': [ '1.1.19' ],
408 silly audit   zod: [ '4.1.12' ],
408 silly audit   '@alloc/quick-lru': [ '5.2.0' ],
408 silly audit   '@ant-design/cssinjs': [ '1.24.0' ],
408 silly audit   '@ant-design/cssinjs-utils': [ '1.1.3' ],
408 silly audit   '@ant-design/react-slick': [ '1.1.2' ],
408 silly audit   '@emnapi/core': [ '1.6.0' ],
408 silly audit   '@emotion/unitless': [ '0.7.5' ],
408 silly audit   '@emnapi/runtime': [ '1.6.0' ],
408 silly audit   '@emotion/hash': [ '0.8.0' ],
408 silly audit   '@babel/runtime': [ '7.28.4' ],
408 silly audit   '@emnapi/wasi-threads': [ '1.1.0' ],
408 silly audit   '@eslint/eslintrc': [ '3.3.1' ],
408 silly audit   '@eslint/config-array': [ '0.21.1' ],
408 silly audit   '@eslint/config-helpers': [ '0.4.1' ],
408 silly audit   '@eslint/core': [ '0.16.0' ],
408 silly audit   '@eslint/js': [ '9.38.0' ],
408 silly audit   '@eslint/object-schema': [ '2.1.7' ],
408 silly audit   '@floating-ui/core': [ '1.7.3' ],
408 silly audit   '@floating-ui/dom': [ '1.7.4' ],
408 silly audit   '@floating-ui/react-dom': [ '2.1.6' ],
408 silly audit   '@eslint/plugin-kit': [ '0.4.0' ],
408 silly audit   '@floating-ui/utils': [ '0.2.10' ],
408 silly audit   '@eslint-community/eslint-utils': [ '4.9.0' ],
408 silly audit   '@eslint-community/regexpp': [ '4.12.2' ],
408 silly audit   '@hookform/resolvers': [ '5.2.2' ],
408 silly audit   '@humanfs/node': [ '0.16.7' ],
408 silly audit   '@img/colour': [ '1.0.0' ],
408 silly audit   '@humanwhocodes/module-importer': [ '1.0.1' ],
408 silly audit   '@jridgewell/remapping': [ '2.3.5' ],
408 silly audit   '@jridgewell/resolve-uri': [ '3.1.2' ],
408 silly audit   '@humanfs/core': [ '0.19.1' ],
408 silly audit   '@jridgewell/gen-mapping': [ '0.3.13' ],
408 silly audit   '@jridgewell/sourcemap-codec': [ '1.5.5' ],
408 silly audit   '@jridgewell/trace-mapping': [ '0.3.31' ],
408 silly audit   '@next/env': [ '15.5.4' ],
408 silly audit   '@humanwhocodes/retry': [ '0.4.3' ],
408 silly audit   '@next/swc-win32-x64-msvc': [ '15.5.4' ],
408 silly audit   '@img/sharp-win32-x64': [ '0.34.4' ],
408 silly audit   '@nodelib/fs.stat': [ '2.0.5' ],
408 silly audit   '@napi-rs/wasm-runtime': [ '0.2.12' ],
408 silly audit   '@next/eslint-plugin-next': [ '15.5.4' ],
408 silly audit   '@radix-ui/number': [ '1.1.1' ],
408 silly audit   '@radix-ui/react-alert-dialog': [ '1.1.15' ],
408 silly audit   '@radix-ui/primitive': [ '1.1.3' ],
408 silly audit   '@radix-ui/react-checkbox': [ '1.3.3' ],
408 silly audit   '@radix-ui/react-arrow': [ '1.1.7' ],
408 silly audit   '@radix-ui/react-collection': [ '1.1.7' ],
408 silly audit   '@radix-ui/react-compose-refs': [ '1.1.2' ],
408 silly audit   '@radix-ui/react-dialog': [ '1.1.15' ],
408 silly audit   '@radix-ui/react-context': [ '1.1.2' ],
408 silly audit   '@nodelib/fs.scandir': [ '2.1.5' ],
408 silly audit   '@radix-ui/react-direction': [ '1.1.1' ],
408 silly audit   '@radix-ui/react-dismissable-layer': [ '1.1.11' ],
408 silly audit   '@radix-ui/react-dropdown-menu': [ '2.1.16' ],
408 silly audit   '@radix-ui/react-focus-guards': [ '1.1.3' ],
408 silly audit   '@radix-ui/react-focus-scope': [ '1.1.7' ],
408 silly audit   '@radix-ui/react-id': [ '1.1.1' ],
408 silly audit   '@radix-ui/react-label': [ '2.1.7' ],
408 silly audit   '@radix-ui/react-menu': [ '2.1.16' ],
408 silly audit   '@radix-ui/react-portal': [ '1.1.9' ],
408 silly audit   '@radix-ui/react-presence': [ '1.1.5' ],
408 silly audit   '@radix-ui/react-popper': [ '1.2.8' ],
408 silly audit   '@radix-ui/react-roving-focus': [ '1.1.11' ],
408 silly audit   '@radix-ui/react-primitive': [ '2.1.3' ],
408 silly audit   '@radix-ui/react-select': [ '2.2.6' ],
408 silly audit   '@radix-ui/react-separator': [ '1.1.7' ],
408 silly audit   '@radix-ui/react-tabs': [ '1.1.13' ],
408 silly audit   '@radix-ui/react-slot': [ '1.2.3' ],
408 silly audit   '@radix-ui/react-use-callback-ref': [ '1.1.1' ],
408 silly audit   '@radix-ui/react-use-controllable-state': [ '1.2.2' ],
408 silly audit   '@radix-ui/react-use-effect-event': [ '0.0.2' ],
408 silly audit   '@radix-ui/react-use-escape-keydown': [ '1.1.1' ],
408 silly audit   '@nodelib/fs.walk': [ '1.2.8' ],
408 silly audit   '@radix-ui/react-use-previous': [ '1.1.1' ],
408 silly audit   '@radix-ui/react-use-layout-effect': [ '1.1.1' ],
408 silly audit   '@radix-ui/react-visually-hidden': [ '1.2.3' ],
408 silly audit   '@radix-ui/react-use-size': [ '1.1.1' ],
408 silly audit   '@rc-component/async-validator': [ '5.0.4' ],
408 silly audit   '@radix-ui/rect': [ '1.1.1' ],
408 silly audit   '@radix-ui/react-use-rect': [ '1.1.1' ],
408 silly audit   '@rc-component/context': [ '1.4.0' ],
408 silly audit   '@nolyfill/is-core-module': [ '1.0.39' ],
408 silly audit   '@rc-component/mutate-observer': [ '1.1.0' ],
408 silly audit   '@rc-component/color-picker': [ '2.0.1' ],
408 silly audit   '@rc-component/mini-decimal': [ '1.1.0' ],
408 silly audit   '@rc-component/qrcode': [ '1.0.1' ],
408 silly audit   '@rc-component/portal': [ '1.1.2' ],
408 silly audit   '@rc-component/tour': [ '1.15.1' ],
408 silly audit   '@rc-component/trigger': [ '2.3.0' ],
408 silly audit   '@rc-component/util': [ '1.3.0' ],
408 silly audit   '@standard-schema/spec': [ '1.0.0' ],
408 silly audit   '@standard-schema/utils': [ '0.3.0' ],
408 silly audit   '@reduxjs/toolkit': [ '2.9.2' ],
408 silly audit   '@rushstack/eslint-patch': [ '1.14.1' ],
408 silly audit   '@rtsao/scc': [ '1.1.0' ],
408 silly audit   '@swc/helpers': [ '0.5.15' ],
408 silly audit   '@tailwindcss/node': [ '4.1.16' ],
408 silly audit   '@types/d3-color': [ '3.1.3' ],
408 silly audit   '@tailwindcss/oxide': [ '4.1.16' ],
408 silly audit   '@types/d3-array': [ '3.2.2' ],
408 silly audit   '@types/d3-ease': [ '3.0.2' ],
408 silly audit   '@types/d3-interpolate': [ '3.0.4' ],
408 silly audit   '@types/d3-shape': [ '3.1.7' ],
408 silly audit   '@types/d3-path': [ '3.1.1' ],
408 silly audit   '@types/d3-scale': [ '4.0.9' ],
408 silly audit   '@types/d3-time': [ '3.0.4' ],
408 silly audit   '@types/d3-timer': [ '3.0.2' ],
408 silly audit   '@tailwindcss/oxide-win32-x64-msvc': [ '4.1.16' ],
408 silly audit   '@tybys/wasm-util': [ '0.10.1' ],
408 silly audit   '@tailwindcss/postcss': [ '4.1.16' ],
408 silly audit   '@types/json-schema': [ '7.0.15' ],
408 silly audit   '@types/json5': [ '0.0.29' ],
408 silly audit   '@types/estree': [ '1.0.8' ],
408 silly audit   '@types/use-sync-external-store': [ '0.0.6' ],
408 silly audit   '@types/node': [ '20.19.24' ],
408 silly audit   '@types/react': [ '19.2.2' ],
408 silly audit   '@types/react-dom': [ '19.2.2' ],
408 silly audit   '@typescript-eslint/eslint-plugin': [ '8.46.2' ],
408 silly audit   '@typescript-eslint/project-service': [ '8.46.2' ],
408 silly audit   '@typescript-eslint/tsconfig-utils': [ '8.46.2' ],
408 silly audit   '@typescript-eslint/parser': [ '8.46.2' ],
408 silly audit   '@typescript-eslint/typescript-estree': [ '8.46.2' ],
408 silly audit   '@typescript-eslint/utils': [ '8.46.2' ],
408 silly audit   '@typescript-eslint/scope-manager': [ '8.46.2' ],
408 silly audit   '@unrs/resolver-binding-win32-x64-msvc': [ '1.11.1' ],
408 silly audit   '@typescript-eslint/type-utils': [ '8.46.2' ],
408 silly audit   '@typescript-eslint/types': [ '8.46.2' ],
408 silly audit   '@typescript-eslint/visitor-keys': [ '8.46.2' ],
408 silly audit   '@ant-design/icons': [ '6.1.0', '5.6.1' ],
408 silly audit   antd: [ '5.27.6' ],
408 silly audit   'lucide-react': [ '0.545.0' ],
408 silly audit   next: [ '15.5.4' ],
408 silly audit   '@ant-design/icons-svg': [ '4.4.2' ],
408 silly audit   '@tailwindcss/oxide-android-arm64': [ '4.1.16' ],
408 silly audit   '@tailwindcss/oxide-darwin-arm64': [ '4.1.16' ],
408 silly audit   '@tailwindcss/oxide-darwin-x64': [ '4.1.16' ],
408 silly audit   '@tailwindcss/oxide-freebsd-x64': [ '4.1.16' ],
408 silly audit   '@tailwindcss/oxide-linux-arm-gnueabihf': [ '4.1.16' ],
408 silly audit   '@tailwindcss/oxide-linux-arm64-gnu': [ '4.1.16' ],
408 silly audit   '@tailwindcss/oxide-linux-arm64-musl': [ '4.1.16' ],
408 silly audit   '@tailwindcss/oxide-linux-x64-gnu': [ '4.1.16' ],
408 silly audit   '@tailwindcss/oxide-linux-x64-musl': [ '4.1.16' ],
408 silly audit   '@tailwindcss/oxide-win32-arm64-msvc': [ '4.1.16' ],
408 silly audit   'es-abstract': [ '1.24.0' ],
408 silly audit   'lightningcss-android-arm64': [ '1.30.2' ],
408 silly audit   'lightningcss-darwin-arm64': [ '1.30.2' ],
408 silly audit   'lightningcss-darwin-x64': [ '1.30.2' ],
408 silly audit   'lightningcss-freebsd-x64': [ '1.30.2' ],
408 silly audit   'lightningcss-linux-arm-gnueabihf': [ '1.30.2' ],
408 silly audit   'lightningcss-linux-arm64-gnu': [ '1.30.2' ],
408 silly audit   'lightningcss-linux-arm64-musl': [ '1.30.2' ],
408 silly audit   'lightningcss-linux-x64-gnu': [ '1.30.2' ],
408 silly audit   'lightningcss-linux-x64-musl': [ '1.30.2' ],
408 silly audit   'lightningcss-win32-arm64-msvc': [ '1.30.2' ],
408 silly audit   '@next/swc-darwin-arm64': [ '15.5.4' ],
408 silly audit   '@next/swc-darwin-x64': [ '15.5.4' ],
408 silly audit   '@next/swc-linux-arm64-gnu': [ '15.5.4' ],
408 silly audit   '@next/swc-linux-arm64-musl': [ '15.5.4' ],
408 silly audit   '@next/swc-linux-x64-gnu': [ '15.5.4' ],
408 silly audit   '@next/swc-linux-x64-musl': [ '15.5.4' ],
408 silly audit   '@next/swc-win32-arm64-msvc': [ '15.5.4' ],
408 silly audit   'es-toolkit': [ '1.41.0' ],
408 silly audit   '@unrs/resolver-binding-android-arm-eabi': [ '1.11.1' ],
408 silly audit   '@unrs/resolver-binding-android-arm64': [ '1.11.1' ],
408 silly audit   '@unrs/resolver-binding-darwin-arm64': [ '1.11.1' ],
408 silly audit   '@unrs/resolver-binding-darwin-x64': [ '1.11.1' ],
408 silly audit   '@unrs/resolver-binding-freebsd-x64': [ '1.11.1' ],
408 silly audit   '@unrs/resolver-binding-linux-arm-gnueabihf': [ '1.11.1' ],
408 silly audit   '@unrs/resolver-binding-linux-arm-musleabihf': [ '1.11.1' ],
408 silly audit   '@unrs/resolver-binding-linux-arm64-gnu': [ '1.11.1' ],
408 silly audit   '@unrs/resolver-binding-linux-arm64-musl': [ '1.11.1' ],
408 silly audit   '@unrs/resolver-binding-linux-ppc64-gnu': [ '1.11.1' ],
408 silly audit   '@unrs/resolver-binding-linux-riscv64-gnu': [ '1.11.1' ],
408 silly audit   '@unrs/resolver-binding-linux-riscv64-musl': [ '1.11.1' ],
408 silly audit   '@unrs/resolver-binding-linux-s390x-gnu': [ '1.11.1' ],
408 silly audit   '@unrs/resolver-binding-linux-x64-gnu': [ '1.11.1' ],
408 silly audit   '@unrs/resolver-binding-linux-x64-musl': [ '1.11.1' ],
408 silly audit   '@unrs/resolver-binding-wasm32-wasi': [ '1.11.1' ],
408 silly audit   '@unrs/resolver-binding-win32-arm64-msvc': [ '1.11.1' ],
408 silly audit   '@unrs/resolver-binding-win32-ia32-msvc': [ '1.11.1' ],
408 silly audit   '@tailwindcss/oxide-wasm32-wasi': [ '4.1.16' ]
408 silly audit }
409 verbose reify failed optional dependency C:\CODE PROJECT\Tool Make\tool-gsuite-edu\Client\node_modules\@tailwindcss\oxide\node_modules\@tailwindcss\oxide-win32-arm64-msvc
410 silly reify mark deleted [
410 silly reify   'C:\\CODE PROJECT\\Tool Make\\tool-gsuite-edu\\Client\\node_modules\\@tailwindcss\\oxide\\node_modules\\@tailwindcss\\oxide-win32-arm64-msvc'
410 silly reify ]
411 verbose reify failed optional dependency C:\CODE PROJECT\Tool Make\tool-gsuite-edu\Client\node_modules\@tailwindcss\oxide\node_modules\@tailwindcss\oxide-linux-x64-musl
412 silly reify mark deleted [
412 silly reify   'C:\\CODE PROJECT\\Tool Make\\tool-gsuite-edu\\Client\\node_modules\\@tailwindcss\\oxide\\node_modules\\@tailwindcss\\oxide-linux-x64-musl'
412 silly reify ]
413 verbose reify failed optional dependency C:\CODE PROJECT\Tool Make\tool-gsuite-edu\Client\node_modules\@tailwindcss\oxide\node_modules\@tailwindcss\oxide-linux-x64-gnu
414 silly reify mark deleted [
414 silly reify   'C:\\CODE PROJECT\\Tool Make\\tool-gsuite-edu\\Client\\node_modules\\@tailwindcss\\oxide\\node_modules\\@tailwindcss\\oxide-linux-x64-gnu'
414 silly reify ]
415 verbose reify failed optional dependency C:\CODE PROJECT\Tool Make\tool-gsuite-edu\Client\node_modules\@tailwindcss\oxide\node_modules\@tailwindcss\oxide-linux-arm64-musl
416 silly reify mark deleted [
416 silly reify   'C:\\CODE PROJECT\\Tool Make\\tool-gsuite-edu\\Client\\node_modules\\@tailwindcss\\oxide\\node_modules\\@tailwindcss\\oxide-linux-arm64-musl'
416 silly reify ]
417 verbose reify failed optional dependency C:\CODE PROJECT\Tool Make\tool-gsuite-edu\Client\node_modules\@tailwindcss\oxide\node_modules\@tailwindcss\oxide-linux-arm64-gnu
418 silly reify mark deleted [
418 silly reify   'C:\\CODE PROJECT\\Tool Make\\tool-gsuite-edu\\Client\\node_modules\\@tailwindcss\\oxide\\node_modules\\@tailwindcss\\oxide-linux-arm64-gnu'
418 silly reify ]
419 verbose reify failed optional dependency C:\CODE PROJECT\Tool Make\tool-gsuite-edu\Client\node_modules\@tailwindcss\oxide\node_modules\@tailwindcss\oxide-linux-arm-gnueabihf
420 silly reify mark deleted [
420 silly reify   'C:\\CODE PROJECT\\Tool Make\\tool-gsuite-edu\\Client\\node_modules\\@tailwindcss\\oxide\\node_modules\\@tailwindcss\\oxide-linux-arm-gnueabihf'
420 silly reify ]
421 verbose reify failed optional dependency C:\CODE PROJECT\Tool Make\tool-gsuite-edu\Client\node_modules\@tailwindcss\oxide\node_modules\@tailwindcss\oxide-freebsd-x64
422 silly reify mark deleted [
422 silly reify   'C:\\CODE PROJECT\\Tool Make\\tool-gsuite-edu\\Client\\node_modules\\@tailwindcss\\oxide\\node_modules\\@tailwindcss\\oxide-freebsd-x64'
422 silly reify ]
423 verbose reify failed optional dependency C:\CODE PROJECT\Tool Make\tool-gsuite-edu\Client\node_modules\@tailwindcss\oxide\node_modules\@tailwindcss\oxide-darwin-x64
424 silly reify mark deleted [
424 silly reify   'C:\\CODE PROJECT\\Tool Make\\tool-gsuite-edu\\Client\\node_modules\\@tailwindcss\\oxide\\node_modules\\@tailwindcss\\oxide-darwin-x64'
424 silly reify ]
425 verbose reify failed optional dependency C:\CODE PROJECT\Tool Make\tool-gsuite-edu\Client\node_modules\@tailwindcss\oxide\node_modules\@tailwindcss\oxide-darwin-arm64
426 silly reify mark deleted [
426 silly reify   'C:\\CODE PROJECT\\Tool Make\\tool-gsuite-edu\\Client\\node_modules\\@tailwindcss\\oxide\\node_modules\\@tailwindcss\\oxide-darwin-arm64'
426 silly reify ]
427 verbose reify failed optional dependency C:\CODE PROJECT\Tool Make\tool-gsuite-edu\Client\node_modules\@tailwindcss\oxide\node_modules\@tailwindcss\oxide-android-arm64
428 silly reify mark deleted [
428 silly reify   'C:\\CODE PROJECT\\Tool Make\\tool-gsuite-edu\\Client\\node_modules\\@tailwindcss\\oxide\\node_modules\\@tailwindcss\\oxide-android-arm64'
428 silly reify ]
429 verbose reify failed optional dependency C:\CODE PROJECT\Tool Make\tool-gsuite-edu\Client\node_modules\unrs-resolver\node_modules\@unrs\resolver-binding-win32-ia32-msvc
430 silly reify mark deleted [
430 silly reify   'C:\\CODE PROJECT\\Tool Make\\tool-gsuite-edu\\Client\\node_modules\\unrs-resolver\\node_modules\\@unrs\\resolver-binding-win32-ia32-msvc'
430 silly reify ]
431 verbose reify failed optional dependency C:\CODE PROJECT\Tool Make\tool-gsuite-edu\Client\node_modules\unrs-resolver\node_modules\@unrs\resolver-binding-win32-arm64-msvc
432 silly reify mark deleted [
432 silly reify   'C:\\CODE PROJECT\\Tool Make\\tool-gsuite-edu\\Client\\node_modules\\unrs-resolver\\node_modules\\@unrs\\resolver-binding-win32-arm64-msvc'
432 silly reify ]
433 verbose reify failed optional dependency C:\CODE PROJECT\Tool Make\tool-gsuite-edu\Client\node_modules\unrs-resolver\node_modules\@unrs\resolver-binding-wasm32-wasi
434 silly reify mark deleted [
434 silly reify   'C:\\CODE PROJECT\\Tool Make\\tool-gsuite-edu\\Client\\node_modules\\unrs-resolver\\node_modules\\@unrs\\resolver-binding-wasm32-wasi'
434 silly reify ]
435 verbose reify failed optional dependency C:\CODE PROJECT\Tool Make\tool-gsuite-edu\Client\node_modules\unrs-resolver\node_modules\@unrs\resolver-binding-linux-x64-musl
436 silly reify mark deleted [
436 silly reify   'C:\\CODE PROJECT\\Tool Make\\tool-gsuite-edu\\Client\\node_modules\\unrs-resolver\\node_modules\\@unrs\\resolver-binding-linux-x64-musl'
436 silly reify ]
437 verbose reify failed optional dependency C:\CODE PROJECT\Tool Make\tool-gsuite-edu\Client\node_modules\unrs-resolver\node_modules\@unrs\resolver-binding-linux-x64-gnu
438 silly reify mark deleted [
438 silly reify   'C:\\CODE PROJECT\\Tool Make\\tool-gsuite-edu\\Client\\node_modules\\unrs-resolver\\node_modules\\@unrs\\resolver-binding-linux-x64-gnu'
438 silly reify ]
439 verbose reify failed optional dependency C:\CODE PROJECT\Tool Make\tool-gsuite-edu\Client\node_modules\unrs-resolver\node_modules\@unrs\resolver-binding-linux-s390x-gnu
440 silly reify mark deleted [
440 silly reify   'C:\\CODE PROJECT\\Tool Make\\tool-gsuite-edu\\Client\\node_modules\\unrs-resolver\\node_modules\\@unrs\\resolver-binding-linux-s390x-gnu'
440 silly reify ]
441 verbose reify failed optional dependency C:\CODE PROJECT\Tool Make\tool-gsuite-edu\Client\node_modules\unrs-resolver\node_modules\@unrs\resolver-binding-linux-riscv64-musl
442 silly reify mark deleted [
442 silly reify   'C:\\CODE PROJECT\\Tool Make\\tool-gsuite-edu\\Client\\node_modules\\unrs-resolver\\node_modules\\@unrs\\resolver-binding-linux-riscv64-musl'
442 silly reify ]
443 verbose reify failed optional dependency C:\CODE PROJECT\Tool Make\tool-gsuite-edu\Client\node_modules\unrs-resolver\node_modules\@unrs\resolver-binding-linux-riscv64-gnu
444 silly reify mark deleted [
444 silly reify   'C:\\CODE PROJECT\\Tool Make\\tool-gsuite-edu\\Client\\node_modules\\unrs-resolver\\node_modules\\@unrs\\resolver-binding-linux-riscv64-gnu'
444 silly reify ]
445 verbose reify failed optional dependency C:\CODE PROJECT\Tool Make\tool-gsuite-edu\Client\node_modules\unrs-resolver\node_modules\@unrs\resolver-binding-linux-ppc64-gnu
446 silly reify mark deleted [
446 silly reify   'C:\\CODE PROJECT\\Tool Make\\tool-gsuite-edu\\Client\\node_modules\\unrs-resolver\\node_modules\\@unrs\\resolver-binding-linux-ppc64-gnu'
446 silly reify ]
447 verbose reify failed optional dependency C:\CODE PROJECT\Tool Make\tool-gsuite-edu\Client\node_modules\unrs-resolver\node_modules\@unrs\resolver-binding-linux-arm64-musl
448 silly reify mark deleted [
448 silly reify   'C:\\CODE PROJECT\\Tool Make\\tool-gsuite-edu\\Client\\node_modules\\unrs-resolver\\node_modules\\@unrs\\resolver-binding-linux-arm64-musl'
448 silly reify ]
449 verbose reify failed optional dependency C:\CODE PROJECT\Tool Make\tool-gsuite-edu\Client\node_modules\unrs-resolver\node_modules\@unrs\resolver-binding-linux-arm64-gnu
450 silly reify mark deleted [
450 silly reify   'C:\\CODE PROJECT\\Tool Make\\tool-gsuite-edu\\Client\\node_modules\\unrs-resolver\\node_modules\\@unrs\\resolver-binding-linux-arm64-gnu'
450 silly reify ]
451 verbose reify failed optional dependency C:\CODE PROJECT\Tool Make\tool-gsuite-edu\Client\node_modules\unrs-resolver\node_modules\@unrs\resolver-binding-linux-arm-musleabihf
452 silly reify mark deleted [
452 silly reify   'C:\\CODE PROJECT\\Tool Make\\tool-gsuite-edu\\Client\\node_modules\\unrs-resolver\\node_modules\\@unrs\\resolver-binding-linux-arm-musleabihf'
452 silly reify ]
453 verbose reify failed optional dependency C:\CODE PROJECT\Tool Make\tool-gsuite-edu\Client\node_modules\unrs-resolver\node_modules\@unrs\resolver-binding-linux-arm-gnueabihf
454 silly reify mark deleted [
454 silly reify   'C:\\CODE PROJECT\\Tool Make\\tool-gsuite-edu\\Client\\node_modules\\unrs-resolver\\node_modules\\@unrs\\resolver-binding-linux-arm-gnueabihf'
454 silly reify ]
455 verbose reify failed optional dependency C:\CODE PROJECT\Tool Make\tool-gsuite-edu\Client\node_modules\unrs-resolver\node_modules\@unrs\resolver-binding-freebsd-x64
456 silly reify mark deleted [
456 silly reify   'C:\\CODE PROJECT\\Tool Make\\tool-gsuite-edu\\Client\\node_modules\\unrs-resolver\\node_modules\\@unrs\\resolver-binding-freebsd-x64'
456 silly reify ]
457 verbose reify failed optional dependency C:\CODE PROJECT\Tool Make\tool-gsuite-edu\Client\node_modules\unrs-resolver\node_modules\@unrs\resolver-binding-darwin-x64
458 silly reify mark deleted [
458 silly reify   'C:\\CODE PROJECT\\Tool Make\\tool-gsuite-edu\\Client\\node_modules\\unrs-resolver\\node_modules\\@unrs\\resolver-binding-darwin-x64'
458 silly reify ]
459 verbose reify failed optional dependency C:\CODE PROJECT\Tool Make\tool-gsuite-edu\Client\node_modules\unrs-resolver\node_modules\@unrs\resolver-binding-darwin-arm64
460 silly reify mark deleted [
460 silly reify   'C:\\CODE PROJECT\\Tool Make\\tool-gsuite-edu\\Client\\node_modules\\unrs-resolver\\node_modules\\@unrs\\resolver-binding-darwin-arm64'
460 silly reify ]
461 verbose reify failed optional dependency C:\CODE PROJECT\Tool Make\tool-gsuite-edu\Client\node_modules\unrs-resolver\node_modules\@unrs\resolver-binding-android-arm64
462 silly reify mark deleted [
462 silly reify   'C:\\CODE PROJECT\\Tool Make\\tool-gsuite-edu\\Client\\node_modules\\unrs-resolver\\node_modules\\@unrs\\resolver-binding-android-arm64'
462 silly reify ]
463 verbose reify failed optional dependency C:\CODE PROJECT\Tool Make\tool-gsuite-edu\Client\node_modules\unrs-resolver\node_modules\@unrs\resolver-binding-android-arm-eabi
464 silly reify mark deleted [
464 silly reify   'C:\\CODE PROJECT\\Tool Make\\tool-gsuite-edu\\Client\\node_modules\\unrs-resolver\\node_modules\\@unrs\\resolver-binding-android-arm-eabi'
464 silly reify ]
465 verbose reify failed optional dependency C:\CODE PROJECT\Tool Make\tool-gsuite-edu\Client\node_modules\lightningcss\node_modules\lightningcss-win32-arm64-msvc
466 silly reify mark deleted [
466 silly reify   'C:\\CODE PROJECT\\Tool Make\\tool-gsuite-edu\\Client\\node_modules\\lightningcss\\node_modules\\lightningcss-win32-arm64-msvc'
466 silly reify ]
467 verbose reify failed optional dependency C:\CODE PROJECT\Tool Make\tool-gsuite-edu\Client\node_modules\lightningcss\node_modules\lightningcss-linux-x64-musl
468 silly reify mark deleted [
468 silly reify   'C:\\CODE PROJECT\\Tool Make\\tool-gsuite-edu\\Client\\node_modules\\lightningcss\\node_modules\\lightningcss-linux-x64-musl'
468 silly reify ]
469 verbose reify failed optional dependency C:\CODE PROJECT\Tool Make\tool-gsuite-edu\Client\node_modules\lightningcss\node_modules\lightningcss-linux-x64-gnu
470 silly reify mark deleted [
470 silly reify   'C:\\CODE PROJECT\\Tool Make\\tool-gsuite-edu\\Client\\node_modules\\lightningcss\\node_modules\\lightningcss-linux-x64-gnu'
470 silly reify ]
471 verbose reify failed optional dependency C:\CODE PROJECT\Tool Make\tool-gsuite-edu\Client\node_modules\lightningcss\node_modules\lightningcss-linux-arm64-musl
472 silly reify mark deleted [
472 silly reify   'C:\\CODE PROJECT\\Tool Make\\tool-gsuite-edu\\Client\\node_modules\\lightningcss\\node_modules\\lightningcss-linux-arm64-musl'
472 silly reify ]
473 verbose reify failed optional dependency C:\CODE PROJECT\Tool Make\tool-gsuite-edu\Client\node_modules\lightningcss\node_modules\lightningcss-linux-arm64-gnu
474 silly reify mark deleted [
474 silly reify   'C:\\CODE PROJECT\\Tool Make\\tool-gsuite-edu\\Client\\node_modules\\lightningcss\\node_modules\\lightningcss-linux-arm64-gnu'
474 silly reify ]
475 verbose reify failed optional dependency C:\CODE PROJECT\Tool Make\tool-gsuite-edu\Client\node_modules\lightningcss\node_modules\lightningcss-linux-arm-gnueabihf
476 silly reify mark deleted [
476 silly reify   'C:\\CODE PROJECT\\Tool Make\\tool-gsuite-edu\\Client\\node_modules\\lightningcss\\node_modules\\lightningcss-linux-arm-gnueabihf'
476 silly reify ]
477 verbose reify failed optional dependency C:\CODE PROJECT\Tool Make\tool-gsuite-edu\Client\node_modules\lightningcss\node_modules\lightningcss-freebsd-x64
478 silly reify mark deleted [
478 silly reify   'C:\\CODE PROJECT\\Tool Make\\tool-gsuite-edu\\Client\\node_modules\\lightningcss\\node_modules\\lightningcss-freebsd-x64'
478 silly reify ]
479 verbose reify failed optional dependency C:\CODE PROJECT\Tool Make\tool-gsuite-edu\Client\node_modules\lightningcss\node_modules\lightningcss-darwin-x64
480 silly reify mark deleted [
480 silly reify   'C:\\CODE PROJECT\\Tool Make\\tool-gsuite-edu\\Client\\node_modules\\lightningcss\\node_modules\\lightningcss-darwin-x64'
480 silly reify ]
481 verbose reify failed optional dependency C:\CODE PROJECT\Tool Make\tool-gsuite-edu\Client\node_modules\lightningcss\node_modules\lightningcss-darwin-arm64
482 silly reify mark deleted [
482 silly reify   'C:\\CODE PROJECT\\Tool Make\\tool-gsuite-edu\\Client\\node_modules\\lightningcss\\node_modules\\lightningcss-darwin-arm64'
482 silly reify ]
483 verbose reify failed optional dependency C:\CODE PROJECT\Tool Make\tool-gsuite-edu\Client\node_modules\lightningcss\node_modules\lightningcss-android-arm64
484 silly reify mark deleted [
484 silly reify   'C:\\CODE PROJECT\\Tool Make\\tool-gsuite-edu\\Client\\node_modules\\lightningcss\\node_modules\\lightningcss-android-arm64'
484 silly reify ]
485 verbose reify failed optional dependency C:\CODE PROJECT\Tool Make\tool-gsuite-edu\Client\node_modules\@next\swc-win32-arm64-msvc
486 silly reify mark deleted [
486 silly reify   'C:\\CODE PROJECT\\Tool Make\\tool-gsuite-edu\\Client\\node_modules\\@next\\swc-win32-arm64-msvc'
486 silly reify ]
487 verbose reify failed optional dependency C:\CODE PROJECT\Tool Make\tool-gsuite-edu\Client\node_modules\@next\swc-linux-x64-musl
488 silly reify mark deleted [
488 silly reify   'C:\\CODE PROJECT\\Tool Make\\tool-gsuite-edu\\Client\\node_modules\\@next\\swc-linux-x64-musl'
488 silly reify ]
489 verbose reify failed optional dependency C:\CODE PROJECT\Tool Make\tool-gsuite-edu\Client\node_modules\@next\swc-linux-arm64-musl
490 silly reify mark deleted [
490 silly reify   'C:\\CODE PROJECT\\Tool Make\\tool-gsuite-edu\\Client\\node_modules\\@next\\swc-linux-arm64-musl'
490 silly reify ]
491 verbose reify failed optional dependency C:\CODE PROJECT\Tool Make\tool-gsuite-edu\Client\node_modules\@next\swc-linux-x64-gnu
492 silly reify mark deleted [
492 silly reify   'C:\\CODE PROJECT\\Tool Make\\tool-gsuite-edu\\Client\\node_modules\\@next\\swc-linux-x64-gnu'
492 silly reify ]
493 verbose reify failed optional dependency C:\CODE PROJECT\Tool Make\tool-gsuite-edu\Client\node_modules\@next\swc-linux-arm64-gnu
494 silly reify mark deleted [
494 silly reify   'C:\\CODE PROJECT\\Tool Make\\tool-gsuite-edu\\Client\\node_modules\\@next\\swc-linux-arm64-gnu'
494 silly reify ]
495 verbose reify failed optional dependency C:\CODE PROJECT\Tool Make\tool-gsuite-edu\Client\node_modules\@next\swc-darwin-x64
496 silly reify mark deleted [
496 silly reify   'C:\\CODE PROJECT\\Tool Make\\tool-gsuite-edu\\Client\\node_modules\\@next\\swc-darwin-x64'
496 silly reify ]
497 verbose reify failed optional dependency C:\CODE PROJECT\Tool Make\tool-gsuite-edu\Client\node_modules\@next\swc-darwin-arm64
498 silly reify mark deleted [
498 silly reify   'C:\\CODE PROJECT\\Tool Make\\tool-gsuite-edu\\Client\\node_modules\\@next\\swc-darwin-arm64'
498 silly reify ]
499 silly packumentCache corgi:https://registry.npmjs.org/which cache-miss
500 silly packumentCache corgi:https://registry.npmjs.org/typescript cache-miss
501 silly packumentCache corgi:https://registry.npmjs.org/resolve cache-miss
502 silly packumentCache corgi:https://registry.npmjs.org/nanoid cache-miss
503 silly packumentCache corgi:https://registry.npmjs.org/loose-envify cache-miss
504 silly packumentCache corgi:https://registry.npmjs.org/jiti cache-miss
505 silly packumentCache corgi:https://registry.npmjs.org/semver cache-miss
506 silly packumentCache corgi:https://registry.npmjs.org/js-yaml cache-miss
507 silly packumentCache corgi:https://registry.npmjs.org/napi-postinstall cache-miss
508 silly packumentCache corgi:https://registry.npmjs.org/json5 cache-miss
509 silly packumentCache corgi:https://registry.npmjs.org/eslint cache-miss
510 silly packumentCache corgi:https://registry.npmjs.org/acorn cache-miss
511 http cache @ant-design/icons-svg@https://registry.npmjs.org/@ant-design/icons-svg/-/icons-svg-4.4.2.tgz 0ms (cache hit)
512 http cache lucide-react@https://registry.npmjs.org/lucide-react/-/lucide-react-0.545.0.tgz 0ms (cache hit)
513 http cache es-abstract@https://registry.npmjs.org/es-abstract/-/es-abstract-1.24.0.tgz 0ms (cache hit)
514 http cache es-abstract@https://registry.npmjs.org/es-abstract/-/es-abstract-1.24.0.tgz 0ms (cache hit)
515 http cache antd@https://registry.npmjs.org/antd/-/antd-5.27.6.tgz 0ms (cache hit)
516 silly packumentCache corgi:https://registry.npmjs.org/resolve cache-miss
517 http cache es-toolkit@https://registry.npmjs.org/es-toolkit/-/es-toolkit-1.41.0.tgz 0ms (cache hit)
518 http cache es-abstract@https://registry.npmjs.org/es-abstract/-/es-abstract-1.24.0.tgz 0ms (cache hit)
519 http cache es-abstract@https://registry.npmjs.org/es-abstract/-/es-abstract-1.24.0.tgz 1ms (cache hit)
520 http cache es-abstract@https://registry.npmjs.org/es-abstract/-/es-abstract-1.24.0.tgz 0ms (cache hit)
521 silly packumentCache corgi:https://registry.npmjs.org/semver cache-miss
522 silly packumentCache corgi:https://registry.npmjs.org/semver cache-miss
523 http cache es-abstract@https://registry.npmjs.org/es-abstract/-/es-abstract-1.24.0.tgz 0ms (cache hit)
524 http cache es-abstract@https://registry.npmjs.org/es-abstract/-/es-abstract-1.24.0.tgz 0ms (cache hit)
525 http cache es-abstract@https://registry.npmjs.org/es-abstract/-/es-abstract-1.24.0.tgz 0ms (cache hit)
526 http cache es-abstract@https://registry.npmjs.org/es-abstract/-/es-abstract-1.24.0.tgz 0ms (cache hit)
527 http cache es-abstract@https://registry.npmjs.org/es-abstract/-/es-abstract-1.24.0.tgz 0ms (cache hit)
528 http cache es-abstract@https://registry.npmjs.org/es-abstract/-/es-abstract-1.24.0.tgz 0ms (cache hit)
529 http cache es-abstract@https://registry.npmjs.org/es-abstract/-/es-abstract-1.24.0.tgz 0ms (cache hit)
530 silly tarball no local data for es-abstract@https://registry.npmjs.org/es-abstract/-/es-abstract-1.24.0.tgz. Extracting by manifest.
531 silly tarball no local data for es-abstract@https://registry.npmjs.org/es-abstract/-/es-abstract-1.24.0.tgz. Extracting by manifest.
532 silly tarball no local data for antd@https://registry.npmjs.org/antd/-/antd-5.27.6.tgz. Extracting by manifest.
533 silly tarball no local data for es-toolkit@https://registry.npmjs.org/es-toolkit/-/es-toolkit-1.41.0.tgz. Extracting by manifest.
534 silly tarball no local data for es-abstract@https://registry.npmjs.org/es-abstract/-/es-abstract-1.24.0.tgz. Extracting by manifest.
535 silly tarball no local data for es-abstract@https://registry.npmjs.org/es-abstract/-/es-abstract-1.24.0.tgz. Extracting by manifest.
536 silly tarball no local data for es-abstract@https://registry.npmjs.org/es-abstract/-/es-abstract-1.24.0.tgz. Extracting by manifest.
537 silly tarball no local data for es-abstract@https://registry.npmjs.org/es-abstract/-/es-abstract-1.24.0.tgz. Extracting by manifest.
538 silly tarball no local data for es-abstract@https://registry.npmjs.org/es-abstract/-/es-abstract-1.24.0.tgz. Extracting by manifest.
539 silly tarball no local data for es-abstract@https://registry.npmjs.org/es-abstract/-/es-abstract-1.24.0.tgz. Extracting by manifest.
540 silly tarball no local data for es-abstract@https://registry.npmjs.org/es-abstract/-/es-abstract-1.24.0.tgz. Extracting by manifest.
541 silly tarball no local data for es-abstract@https://registry.npmjs.org/es-abstract/-/es-abstract-1.24.0.tgz. Extracting by manifest.
542 silly tarball no local data for es-abstract@https://registry.npmjs.org/es-abstract/-/es-abstract-1.24.0.tgz. Extracting by manifest.
543 silly tarball no local data for es-abstract@https://registry.npmjs.org/es-abstract/-/es-abstract-1.24.0.tgz. Extracting by manifest.
544 http cache @ant-design/icons@https://registry.npmjs.org/@ant-design/icons/-/icons-6.1.0.tgz 0ms (cache hit)
545 http cache @ant-design/icons@https://registry.npmjs.org/@ant-design/icons/-/icons-5.6.1.tgz 0ms (cache hit)
546 http fetch POST 200 https://registry.npmjs.org/-/npm/v1/security/advisories/bulk 791ms
547 silly audit report {}
548 http fetch GET 200 https://registry.npmjs.org/which 773ms (cache miss)
549 silly packumentCache corgi:https://registry.npmjs.org/which set size:undefined disposed:false
550 http fetch GET 200 https://registry.npmjs.org/loose-envify 779ms (cache miss)
551 silly packumentCache corgi:https://registry.npmjs.org/loose-envify set size:undefined disposed:false
552 http fetch GET 200 https://registry.npmjs.org/napi-postinstall 779ms (cache miss)
553 silly packumentCache corgi:https://registry.npmjs.org/napi-postinstall set size:undefined disposed:false
554 http fetch GET 200 https://registry.npmjs.org/js-yaml 781ms (cache miss)
555 silly packumentCache corgi:https://registry.npmjs.org/js-yaml set size:undefined disposed:false
556 http fetch GET 200 https://registry.npmjs.org/resolve 802ms (cache miss)
557 silly packumentCache corgi:https://registry.npmjs.org/resolve set size:undefined disposed:false
558 http fetch GET 200 https://registry.npmjs.org/semver 818ms (cache miss)
559 silly packumentCache corgi:https://registry.npmjs.org/semver set size:undefined disposed:false
560 http fetch GET 200 https://registry.npmjs.org/nanoid 822ms (cache miss)
561 silly packumentCache corgi:https://registry.npmjs.org/nanoid set size:undefined disposed:false
562 http fetch GET 200 https://registry.npmjs.org/acorn 828ms (cache miss)
563 silly packumentCache corgi:https://registry.npmjs.org/acorn set size:undefined disposed:false
564 http fetch GET 200 https://registry.npmjs.org/jiti 853ms (cache miss)
565 silly packumentCache corgi:https://registry.npmjs.org/jiti set size:undefined disposed:false
566 http cache https://registry.npmjs.org/which/-/which-2.0.2.tgz 100ms (cache hit)
567 http fetch GET 200 https://registry.npmjs.org/json5 892ms (cache miss)
568 silly packumentCache corgi:https://registry.npmjs.org/json5 set size:undefined disposed:false
569 http cache https://registry.npmjs.org/napi-postinstall/-/napi-postinstall-0.3.4.tgz 116ms (cache hit)
570 http cache https://registry.npmjs.org/js-yaml/-/js-yaml-4.1.0.tgz 116ms (cache hit)
571 http cache https://registry.npmjs.org/loose-envify/-/loose-envify-1.4.0.tgz 123ms (cache hit)
572 http fetch GET 200 https://registry.npmjs.org/resolve 900ms (cache miss)
573 silly packumentCache corgi:https://registry.npmjs.org/resolve set size:undefined disposed:false
574 http cache https://registry.npmjs.org/resolve/-/resolve-1.22.11.tgz 124ms (cache hit)
575 http fetch GET 200 https://registry.npmjs.org/semver 906ms (cache miss)
576 silly packumentCache corgi:https://registry.npmjs.org/semver set size:undefined disposed:false
577 http cache https://registry.npmjs.org/semver/-/semver-7.7.3.tgz 153ms (cache hit)
578 http cache https://registry.npmjs.org/nanoid/-/nanoid-3.3.11.tgz 151ms (cache hit)
579 http cache https://registry.npmjs.org/acorn/-/acorn-8.15.0.tgz 154ms (cache hit)
580 http cache https://registry.npmjs.org/jiti/-/jiti-2.6.1.tgz 158ms (cache hit)
581 http cache https://registry.npmjs.org/json5/-/json5-1.0.2.tgz 152ms (cache hit)
582 http cache https://registry.npmjs.org/resolve/-/resolve-2.0.0-next.5.tgz 139ms (cache hit)
583 http fetch GET 200 https://registry.npmjs.org/semver 1033ms (cache miss)
584 silly packumentCache corgi:https://registry.npmjs.org/semver set size:undefined disposed:false
585 http cache https://registry.npmjs.org/semver/-/semver-6.3.1.tgz 129ms (cache hit)
586 http cache https://registry.npmjs.org/semver/-/semver-6.3.1.tgz 49ms (cache hit)
587 http fetch GET 200 https://registry.npmjs.org/eslint 1118ms (cache miss)
588 silly packumentCache corgi:https://registry.npmjs.org/eslint set size:undefined disposed:false
589 http cache https://registry.npmjs.org/eslint/-/eslint-9.38.0.tgz 60ms (cache hit)
590 http fetch GET 200 https://registry.npmjs.org/typescript 2221ms (cache miss)
591 silly packumentCache corgi:https://registry.npmjs.org/typescript set size:undefined disposed:false
592 http cache https://registry.npmjs.org/typescript/-/typescript-5.9.3.tgz 82ms (cache hit)
593 http fetch GET 200 https://registry.npmjs.org/es-abstract/-/es-abstract-1.24.0.tgz 11913ms (cache miss)
594 http fetch GET 200 https://registry.npmjs.org/es-abstract/-/es-abstract-1.24.0.tgz 11912ms (cache miss)
595 http fetch GET 200 https://registry.npmjs.org/es-abstract/-/es-abstract-1.24.0.tgz 11915ms (cache miss)
596 http fetch GET 200 https://registry.npmjs.org/es-abstract/-/es-abstract-1.24.0.tgz 11914ms (cache miss)
597 http fetch GET 200 https://registry.npmjs.org/es-abstract/-/es-abstract-1.24.0.tgz 11920ms (cache miss)
598 http fetch GET 200 https://registry.npmjs.org/es-abstract/-/es-abstract-1.24.0.tgz 11921ms (cache miss)
599 http fetch GET 200 https://registry.npmjs.org/es-abstract/-/es-abstract-1.24.0.tgz 11927ms (cache miss)
600 http fetch GET 200 https://registry.npmjs.org/es-abstract/-/es-abstract-1.24.0.tgz 11926ms (cache miss)
601 http fetch GET 200 https://registry.npmjs.org/es-abstract/-/es-abstract-1.24.0.tgz 11930ms (cache miss)
602 http fetch GET 200 https://registry.npmjs.org/es-abstract/-/es-abstract-1.24.0.tgz 11929ms (cache miss)
603 http fetch GET 200 https://registry.npmjs.org/es-abstract/-/es-abstract-1.24.0.tgz 11930ms (cache miss)
604 http fetch GET 200 https://registry.npmjs.org/es-abstract/-/es-abstract-1.24.0.tgz 11935ms (cache miss)
605 http fetch GET 200 https://registry.npmjs.org/es-toolkit/-/es-toolkit-1.41.0.tgz 12174ms (cache miss)
606 http fetch GET 200 https://registry.npmjs.org/antd/-/antd-5.27.6.tgz 15314ms (cache miss)
607 warn cleanup Failed to remove some directories [
607 warn cleanup   [
607 warn cleanup     'C:\\CODE PROJECT\\Tool Make\\tool-gsuite-edu\\Client\\node_modules\\@ant-design\\icons',
607 warn cleanup     [Error: EPERM: operation not permitted, rmdir 'C:\CODE PROJECT\Tool Make\tool-gsuite-edu\Client\node_modules\@ant-design\icons\lib\icons'] {
607 warn cleanup       errno: -4048,
607 warn cleanup       code: 'EPERM',
607 warn cleanup       syscall: 'rmdir',
607 warn cleanup       path: 'C:\\CODE PROJECT\\Tool Make\\tool-gsuite-edu\\Client\\node_modules\\@ant-design\\icons\\lib\\icons'
607 warn cleanup     }
607 warn cleanup   ],
607 warn cleanup   [
607 warn cleanup     '\\\\?\\C:\\CODE PROJECT\\Tool Make\\tool-gsuite-edu\\Client\\node_modules\\antd',
607 warn cleanup     [Error: EPERM: operation not permitted, rmdir 'C:\CODE PROJECT\Tool Make\tool-gsuite-edu\Client\node_modules\antd\lib\theme'] {
607 warn cleanup       errno: -4048,
607 warn cleanup       code: 'EPERM',
607 warn cleanup       syscall: 'rmdir',
607 warn cleanup       path: 'C:\\CODE PROJECT\\Tool Make\\tool-gsuite-edu\\Client\\node_modules\\antd\\lib\\theme'
607 warn cleanup     }
607 warn cleanup   ]
607 warn cleanup ]
608 verbose stack Error: ENOTEMPTY: directory not empty, rmdir 'C:\CODE PROJECT\Tool Make\tool-gsuite-edu\Client\node_modules\next\dist'
609 error code ENOTEMPTY
610 error syscall rmdir
611 error path C:\CODE PROJECT\Tool Make\tool-gsuite-edu\Client\node_modules\next\dist
612 error errno -4051
613 error ENOTEMPTY: directory not empty, rmdir 'C:\CODE PROJECT\Tool Make\tool-gsuite-edu\Client\node_modules\next\dist'
614 silly unfinished npm timer reify 1761733644847
615 silly unfinished npm timer reify:unpack 1761733647533
616 silly unfinished npm timer reifyNode:node_modules/next 1761733647534
617 verbose cwd C:\CODE PROJECT\Tool Make\tool-gsuite-edu\Client
618 verbose os Windows_NT 10.0.26100
619 verbose node v22.14.0
620 verbose npm  v11.4.0
621 verbose exit -4051
622 verbose code -4051
623 error A complete log of this run can be found in: C:\CODE PROJECT\Tool Make\tool-gsuite-edu\Client\.npm-cache\_logs\2025-10-29T10_27_24_497Z-debug-0.log
